name_cn_lighthouse,name_cn_base,date,weekday,start,end,length_min,price_yuan,cinema,hall,cinema_address_lighthouse,format_flags,is_4k,source
哈利·波特与魔法石 (4K),哈利·波特与魔法石,2026-06-12,周五,09:00,11:33,153,70,上海影城SHO,3号厅CINITY,新华路160号,"CINITY,4K",1,lighthouse_pro_excel
南国再见，南国 (4K),南国再见，南国,2026-06-12,周五,10:00,11:53,113,90,上海影城SHO,1号厅杜比剧场,新华路160号,4K,1,lighthouse_pro_excel
乱点鸳鸯谱 (4K),乱点鸳鸯谱,2026-06-12,周五,10:30,12:35,125,90,上海大光明电影院,1号LUXE厅,南京西路216号,"4K,LUXE",1,lighthouse_pro_excel
哈利·波特与密室 (4K),哈利·波特与密室,2026-06-12,周五,12:00,14:41,161,70,上海影城SHO,3号厅CINITY,新华路160号,"CINITY,4K",1,lighthouse_pro_excel
火遮眼,火遮眼,2026-06-12,周五,12:30,14:23,113,70,上海百丽宫影城（万象城店）,CINITY LUXE巨幕厅,吴中路1599号L501商铺,"CINITY,LUXE",0,lighthouse_pro_excel
剧院魅影：25周年纪念演出,剧院魅影：25周年纪念演出,2026-06-12,周五,12:30,15:10,160,110,上海影城SHO,1号厅杜比剧场,新华路160号,,0,lighthouse_pro_excel
凯德警长 (4K),凯德警长,2026-06-12,周五,12:30,14:44,134,90,天山电影院-虹桥艺术中心旗舰店,剧院厅,天山路888号,4K,1,lighthouse_pro_excel
扣篮梦工厂 (4K),扣篮梦工厂,2026-06-12,周五,13:00,15:06,126,70,曹杨影城,1号4K激光厅,兰溪路125号2楼,4K,1,lighthouse_pro_excel
印度,印度,2026-06-12,周五,13:00,14:31,91,70,朵云轩杜比全景声影城,1号厅,天钥桥路1188号5楼,,0,lighthouse_pro_excel
怦然心动,怦然心动,2026-06-12,周五,13:00,14:30,90,90,兰心大戏院,观众厅,茂名南路57号,,0,lighthouse_pro_excel
战栗空间 (4K),战栗空间,2026-06-12,周五,13:00,14:52,112,90,上海大光明电影院,1号LUXE厅,南京西路216号,"4K,LUXE",1,lighthouse_pro_excel
桃色公寓 (4K),桃色公寓,2026-06-12,周五,13:00,15:06,126,90,上海美琪大戏院,观众厅,江宁路66号,4K,1,lighthouse_pro_excel
夺魂索 (4K),夺魂索,2026-06-12,周五,13:00,14:21,81,90,上海艺海剧院,大剧场,江宁路466号,4K,1,lighthouse_pro_excel
摇滚万万岁2 (4K),摇滚万万岁2,2026-06-12,周五,13:00,14:24,84,70,上海影城SHO,2号厅Onyx,新华路160号,"4K,ONYX",1,lighthouse_pro_excel
龙凤配 (4K),龙凤配,2026-06-12,周五,13:00,14:54,114,90,天山电影院-宛平剧院影城,1号厅,上海市徐汇区中山南二路859号,4K,1,lighthouse_pro_excel
开天辟地,开天辟地,2026-06-12,周五,14:30,17:19,169,60,上海影城SHO,9号厅REALD CINEMA,新华路160号,,0,lighthouse_pro_excel
党同伐异,党同伐异,2026-06-12,周五,15:00,17:48,168,80,UME影城（上海新天地店）,ONYX LED 4K巨幕厅,兴业路123弄6-7号楼新天地时尚I座5楼（早10点之前与晚22点之后的顾客请从新天地时尚1马当路商场通道入口进入，祝您观影愉快！）,"4K,ONYX",1,lighthouse_pro_excel
一个部门的诞生,一个部门的诞生,2026-06-12,周五,15:00,16:49,109,70,上海影城SHO,2号厅Onyx,新华路160号,ONYX,0,lighthouse_pro_excel
哈利·波特与阿兹卡班的囚徒,哈利·波特与阿兹卡班的囚徒,2026-06-12,周五,15:00,17:22,142,70,上海影城SHO,3号厅CINITY,新华路160号,CINITY,0,lighthouse_pro_excel
马塞尔·帕尼奥尔的华丽人生,马塞尔·帕尼奥尔的华丽人生,2026-06-12,周五,15:30,17:01,91,70,SFC动漫主题影院（美罗城店）,4号厅,肇嘉浜路1111号美罗城5楼,,0,lighthouse_pro_excel
倒扣的王牌,倒扣的王牌,2026-06-12,周五,15:30,17:21,111,70,曹杨影城,1号4K激光厅,兰溪路125号2楼,4K,1,lighthouse_pro_excel
亦吾亦舞,亦吾亦舞,2026-06-12,周五,15:30,17:36,126,70,朵云轩杜比全景声影城,1号厅,天钥桥路1188号5楼,,0,lighthouse_pro_excel
奇南客栈,奇南客栈,2026-06-12,周五,15:30,17:50,140,70,国泰电影院,2号厅,淮海中路870号,,0,lighthouse_pro_excel
触不可及 (4K),触不可及,2026-06-12,周五,15:30,17:59,149,70,和平影都,二楼8号激光巨幕厅,西藏中路290号,4K,1,lighthouse_pro_excel
重制 (4K),重制,2026-06-12,周五,15:30,17:27,117,70,和平影都,五楼杜比全景声厅,西藏中路290号,4K,1,lighthouse_pro_excel
新凯旋门,新凯旋门,2026-06-12,周五,15:30,17:17,107,70,沪东工人文化宫东宫影剧院,1号厅,平凉路1500号(近宁国路),,0,lighthouse_pro_excel
一代人,一代人,2026-06-12,周五,15:30,16:59,89,70,黄浦剧场,中剧场,上海市北京东路780号（近贵州路）,,0,lighthouse_pro_excel
总统班底 (4K),总统班底,2026-06-12,周五,15:30,17:49,139,100,久事·上海商城剧院,剧院正厅,南京西路1376号上海商城4楼,4K,1,lighthouse_pro_excel
人工智能,人工智能,2026-06-12,周五,15:30,17:56,146,100,兰心大戏院,观众厅,茂名南路57号,,0,lighthouse_pro_excel
弗里德里希大街站的英雄,弗里德里希大街站的英雄,2026-06-12,周五,15:30,17:24,114,70,上海百丽宫影城（长宁来福士店）,LUXE厅,长宁路1123号七层701-703,LUXE,0,lighthouse_pro_excel
藏在水箱里的人,藏在水箱里的人,2026-06-12,周五,15:30,17:24,114,70,上海百丽宫影城（环贸iapm店）,6号厅,淮海中路999号L6-601,,0,lighthouse_pro_excel
隐形女士,隐形女士,2026-06-12,周五,15:30,17:06,96,70,上海百丽宫影城（万象城店）,CINITY LUXE巨幕厅,吴中路1599号L501商铺,"CINITY,LUXE",0,lighthouse_pro_excel
热情如火 (4K),热情如火,2026-06-12,周五,15:30,17:33,123,90,上海大光明电影院,1号LUXE厅,南京西路216号,"4K,LUXE",1,lighthouse_pro_excel
红色娘子军 (4K),红色娘子军,2026-06-12,周五,15:30,17:27,117,60,上海大光明电影院,2号厅,南京西路216号,4K,1,lighthouse_pro_excel
恐怖分子,恐怖分子,2026-06-12,周五,15:30,17:22,112,70,上海美琪大戏院,观众厅,江宁路66号,,0,lighthouse_pro_excel
137号案件,137号案件,2026-06-12,周五,15:30,17:27,117,70,上海市沪北电影院,1号厅,洛川东路500号,,0,lighthouse_pro_excel
纽伦堡 (4K),纽伦堡,2026-06-12,周五,15:30,17:59,149,90,上海艺海剧院,大剧场,江宁路466号,4K,1,lighthouse_pro_excel
好人寥寥 (4K),好人寥寥,2026-06-12,周五,15:30,17:48,138,100,上海影城SHO,1号厅杜比剧场,新华路160号,4K,1,lighthouse_pro_excel
临终祷文 (4K),临终祷文,2026-06-12,周五,15:30,17:05,95,70,天山电影院-虹桥艺术中心旗舰店,4号厅,天山路888号,4K,1,lighthouse_pro_excel
大河恋 (4K),大河恋,2026-06-12,周五,15:30,17:34,124,100,天山电影院-虹桥艺术中心旗舰店,剧院厅,天山路888号,4K,1,lighthouse_pro_excel
骗中骗 (4K),骗中骗,2026-06-12,周五,15:30,17:39,129,90,天山电影院-宛平剧院影城,1号厅,上海市徐汇区中山南二路859号,4K,1,lighthouse_pro_excel
夏日躁动 (4K),夏日躁动,2026-06-12,周五,18:00,19:52,112,70,沪东工人文化宫东宫影剧院,1号厅,平凉路1500号(近宁国路),4K,1,lighthouse_pro_excel
爸爸,爸爸,2026-06-12,周五,18:00,20:10,130,70,上海百美汇影城（静安嘉里中心店）,4K激光1号厅,南京西路1551号嘉里中心N4-01,4K,1,lighthouse_pro_excel
战火,战火,2026-06-12,周五,18:00,20:06,126,70,上海影城SHO,2号厅Onyx,新华路160号,ONYX,0,lighthouse_pro_excel
哈利·波特与火焰杯,哈利·波特与火焰杯,2026-06-12,周五,18:00,20:37,157,70,上海影城SHO,3号厅CINITY,新华路160号,CINITY,0,lighthouse_pro_excel
来自伦敦的男人,来自伦敦的男人,2026-06-12,周五,18:00,20:19,139,70,世纪友谊影城（LUXE南方商城店）,6号厅,沪闵路7250号百联南方二期9楼，万源路侧门电梯可直达,,0,lighthouse_pro_excel
好女儿,好女儿,2026-06-12,周五,18:30,20:13,103,70,CGV影城(白玉兰广场IMAX店),激光8号厅,东长治路588号上海白玉兰广场商业裙房3层11号铺位（东长治路近新建路）,,0,lighthouse_pro_excel
亡命警探,亡命警探,2026-06-12,周五,18:30,20:05,95,70,CMG融媒影城,4号厅（4K激光）,龙文路19号1-4层,4K,1,lighthouse_pro_excel
幻时之境,幻时之境,2026-06-12,周五,18:30,20:04,94,70,CMG融媒影城,8号厅（杜比全景声CINITY）,龙文路19号1-4层,CINITY,0,lighthouse_pro_excel
传奇：演唱的猫王 (IMAX/4K),传奇：演唱的猫王,2026-06-12,周五,18:30,20:08,98,120,MOViE MOViE 影城（前滩太古里店）,激光IMAX厅,东育路500弄1-9号前滩太古里石区L3层S-L3-13,"IMAX/4K,IMAX,4K",1,lighthouse_pro_excel
奥利维亚与无声震波,奥利维亚与无声震波,2026-06-12,周五,18:30,19:41,71,70,SFC动漫主题影院（美罗城店）,4号厅,肇嘉浜路1111号美罗城5楼,,0,lighthouse_pro_excel
失重,失重,2026-06-12,周五,18:30,20:08,98,70,SFC上影百联影城（八佰伴IMAX店）,2号厅,张杨路501号10楼,,0,lighthouse_pro_excel
满盘皆忙,满盘皆忙,2026-06-12,周五,18:30,20:19,109,70,SFC上影影城（丁香路LUXE店）,5号LUXE巨幕厅,丁香路858号丁香国际三楼,LUXE,0,lighthouse_pro_excel
冲破黑暗谷 (IMAX/4K),冲破黑暗谷,2026-06-12,周五,18:30,20:23,113,110,SFC上影影城（港汇永华IMAX激光店）,IMAX厅,虹桥路1号港汇广场6楼,"IMAX/4K,IMAX,4K",1,lighthouse_pro_excel
对比：肯·洛奇的生活和影片,对比：肯·洛奇的生活和影片,2026-06-12,周五,18:30,20:00,90,70,SFC上影影城（港汇永华IMAX激光店）,ONYX LED厅,虹桥路1号港汇广场6楼,ONYX,0,lighthouse_pro_excel
诈死,诈死,2026-06-12,周五,18:30,20:07,97,70,SFC上影影城（国华广场店）,1号LUXE巨幕厅,闸殷路1555号国华广场4楼,LUXE,0,lighthouse_pro_excel
明天提问,明天提问,2026-06-12,周五,18:30,20:07,97,70,SFC永华电影荟（世纪汇店）,CINITY2号厅,世纪大道1192号世纪汇广场5层022、6层 001号,CINITY,0,lighthouse_pro_excel
海洋,海洋,2026-06-12,周五,18:30,20:14,104,80,UME影城（上海新天地店）,ONYX LED 4K巨幕厅,兴业路123弄6-7号楼新天地时尚I座5楼（早10点之前与晚22点之后的顾客请从新天地时尚1马当路商场通道入口进入，祝您观影愉快！）,"4K,ONYX",1,lighthouse_pro_excel
鹈鹕的故事,鹈鹕的故事,2026-06-12,周五,18:30,19:59,89,70,佰映三克映画,LUXE厅,江宁路699号B1-60B,LUXE,0,lighthouse_pro_excel
滚石乐队 至臻现场 (IMAX/4K),滚石乐队 至臻现场,2026-06-12,周五,18:30,19:57,87,120,博悦汇影城（BFC外滩金融中心店）,8号IMAX厅,中山东二路600号（近枫泾路）地下1层02单元、地下2层02单元,"IMAX/4K,IMAX,4K",1,lighthouse_pro_excel
卡拉马佐夫兄弟 (4K),卡拉马佐夫兄弟,2026-06-12,周五,18:30,22:19,229,150,曹杨影城,1号4K激光厅,兰溪路125号2楼,4K,1,lighthouse_pro_excel
姐，上马,姐，上马,2026-06-12,周五,18:30,20:05,95,70,朵云轩杜比全景声影城,1号厅,天钥桥路1188号5楼,,0,lighthouse_pro_excel
遗忘的记忆,遗忘的记忆,2026-06-12,周五,18:30,20:13,103,70,国泰电影院,2号厅,淮海中路870号,,0,lighthouse_pro_excel
匈牙利婚礼 (4K),匈牙利婚礼,2026-06-12,周五,18:30,20:04,94,70,和平影都,二楼8号激光巨幕厅,西藏中路290号,4K,1,lighthouse_pro_excel
尼娜与萝扎,尼娜与萝扎,2026-06-12,周五,18:30,20:14,104,70,和平影都,五楼杜比全景声厅,西藏中路290号,,0,lighthouse_pro_excel
下水道,下水道,2026-06-12,周五,18:30,20:07,97,70,黄浦剧场,中剧场,上海市北京东路780号（近贵州路）,,0,lighthouse_pro_excel
玛丽·安宁：化石猎人,玛丽·安宁：化石猎人,2026-06-12,周五,18:30,19:43,73,50,嘉定影剧院,3号厅,城中路149号,,0,lighthouse_pro_excel
对不起，我们错过了你,对不起，我们错过了你,2026-06-12,周五,18:30,20:12,102,70,久事·上海商城剧院,剧院正厅,南京西路1376号上海商城4楼,,0,lighthouse_pro_excel
母鸡 (4K),母鸡,2026-06-12,周五,18:30,20:07,97,70,兰心大戏院,观众厅,茂名南路57号,4K,1,lighthouse_pro_excel
天仙配 (4K),天仙配,2026-06-12,周五,18:30,20:11,101,60,上海百丽宫影城（长宁来福士店）,3号厅,长宁路1123号七层701-703,4K,1,lighthouse_pro_excel
荣耀嘻哈 (4K),荣耀嘻哈,2026-06-12,周五,18:30,20:03,93,70,上海百丽宫影城（长宁来福士店）,LUXE厅,长宁路1123号七层701-703,"4K,LUXE",1,lighthouse_pro_excel
泡泡糖女孩,泡泡糖女孩,2026-06-12,周五,18:30,20:10,100,70,上海百丽宫影城（环贸iapm店）,6号厅,淮海中路999号L6-601,,0,lighthouse_pro_excel
新钱游戏 (4K),新钱游戏,2026-06-12,周五,18:30,20:11,101,70,上海百丽宫影城（陆家嘴中心店）,LUXE厅,浦东南路899号L+MALL商场10层（2号线东昌路、9号线商城路）,"4K,LUXE",1,lighthouse_pro_excel
寻找薇薇安·迈尔,寻找薇薇安·迈尔,2026-06-12,周五,18:30,19:54,84,80,上海百丽宫影城（万象城店）,CINITY LUXE巨幕厅,吴中路1599号L501商铺,"CINITY,LUXE",0,lighthouse_pro_excel
遗愿清单,遗愿清单,2026-06-12,周五,18:30,20:07,97,90,上海大光明电影院,1号LUXE厅,南京西路216号,LUXE,0,lighthouse_pro_excel
网红宝贝我是谁 (4K),网红宝贝我是谁,2026-06-12,周五,18:30,20:09,99,70,上海大光明电影院,2号厅,南京西路216号,4K,1,lighthouse_pro_excel
黄河绝恋,黄河绝恋,2026-06-12,周五,18:30,20:21,111,60,上海大光明电影院,3号厅,南京西路216号,,0,lighthouse_pro_excel
落叶球,落叶球,2026-06-12,周五,18:30,21:37,187,70,上海科技影城,3号厅,南昌路59号1-3F,,0,lighthouse_pro_excel
危情十日 (4K),危情十日,2026-06-12,周五,18:30,20:18,108,90,上海美琪大戏院,观众厅,江宁路66号,4K,1,lighthouse_pro_excel
三条QUEEN (4K),三条QUEEN,2026-06-12,周五,18:30,20:09,99,70,上海市沪北电影院,1号厅,洛川东路500号,4K,1,lighthouse_pro_excel
怦然心动,怦然心动,2026-06-12,周五,18:30,20:00,90,90,上海艺海剧院,大剧场,江宁路466号,,0,lighthouse_pro_excel
变形金刚：大电影 (DOLBY VISION/4K),变形金刚：大电影,2026-06-12,周五,18:30,19:55,85,280,上海影城SHO,1号厅杜比剧场,新华路160号,"DOLBY VISION/4K,DOLBY VISION,4K",1,lighthouse_pro_excel
圣玛丽矿镇谜案,圣玛丽矿镇谜案,2026-06-12,周五,18:30,19:57,87,70,天山电影院-虹桥艺术中心旗舰店,4号厅,天山路888号,,0,lighthouse_pro_excel
戴珍珠耳环的少女,戴珍珠耳环的少女,2026-06-12,周五,18:30,20:07,97,90,天山电影院-虹桥艺术中心旗舰店,剧院厅,天山路888号,,0,lighthouse_pro_excel
伴我同行 (4K),伴我同行,2026-06-12,周五,18:30,19:59,89,90,天山电影院-宛平剧院影城,1号厅,上海市徐汇区中山南二路859号,4K,1,lighthouse_pro_excel
无痛凯恩 (DOLBY VISION/4K),无痛凯恩,2026-06-12,周五,18:30,20:20,110,110,万达影城（五角场万达广场激光IMAX店）,13号厅（杜比影院）,国宾路58号五角场万达商业广场三层,"DOLBY VISION/4K,DOLBY VISION,4K",1,lighthouse_pro_excel
双重人格,双重人格,2026-06-12,周五,18:30,20:03,93,80,星轶STARX影剧院（上海宝山日月光店）,5号厅,上海市宝山区沪太路1933号【K】区2层202,,0,lighthouse_pro_excel
起程之日 (4K),起程之日,2026-06-12,周五,20:40,22:17,97,70,CGV影城(白玉兰广场IMAX店),激光8号厅,东长治路588号上海白玉兰广场商业裙房3层11号铺位（东长治路近新建路）,4K,1,lighthouse_pro_excel
我的喜悦夏天,我的喜悦夏天,2026-06-12,周五,20:40,22:13,93,70,CMG融媒影城,4号厅（4K激光）,龙文路19号1-4层,4K,1,lighthouse_pro_excel
流浪北极熊 (4K),流浪北极熊,2026-06-12,周五,20:40,22:15,95,70,CMG融媒影城,8号厅（杜比全景声CINITY）,龙文路19号1-4层,"CINITY,4K",1,lighthouse_pro_excel
风暴边缘 (IMAX/4K),风暴边缘,2026-06-12,周五,20:40,22:16,96,110,MOViE MOViE 影城（前滩太古里店）,激光IMAX厅,东育路500弄1-9号前滩太古里石区L3层S-L3-13,"IMAX/4K,IMAX,4K",1,lighthouse_pro_excel
我住在凡尔赛的日子,我住在凡尔赛的日子,2026-06-12,周五,20:40,22:02,82,70,SFC动漫主题影院（美罗城店）,4号厅,肇嘉浜路1111号美罗城5楼,,0,lighthouse_pro_excel
星辰时刻,星辰时刻,2026-06-12,周五,20:40,22:18,98,70,SFC上影百联影城（八佰伴IMAX店）,2号厅,张杨路501号10楼,,0,lighthouse_pro_excel
上帝不会帮忙,上帝不会帮忙,2026-06-12,周五,20:40,22:57,137,70,SFC上影影城（丁香路LUXE店）,5号LUXE巨幕厅,丁香路858号丁香国际三楼,LUXE,0,lighthouse_pro_excel
罗伯托·罗西里尼：即兴人生,罗伯托·罗西里尼：即兴人生,2026-06-12,周五,20:40,22:07,87,70,SFC上影影城（港汇永华IMAX激光店）,ONYX LED厅,虹桥路1号港汇广场6楼,ONYX,0,lighthouse_pro_excel
科隆女孩,科隆女孩,2026-06-12,周五,20:40,22:37,117,70,SFC上影影城（国华广场店）,1号LUXE巨幕厅,闸殷路1555号国华广场4楼,LUXE,0,lighthouse_pro_excel
请记得我,请记得我,2026-06-12,周五,20:40,21:58,78,70,SFC永华电影荟（世纪汇店）,CINITY2号厅,世纪大道1192号世纪汇广场5层022、6层 001号,CINITY,0,lighthouse_pro_excel
德意志零年,德意志零年,2026-06-12,周五,20:40,21:54,74,70,UME影城（上海新天地店）,ONYX LED 4K巨幕厅,兴业路123弄6-7号楼新天地时尚I座5楼（早10点之前与晚22点之后的顾客请从新天地时尚1马当路商场通道入口进入，祝您观影愉快！）,"4K,ONYX",1,lighthouse_pro_excel
日光之下 (4K),日光之下,2026-06-12,周五,20:40,22:26,106,70,佰映三克映画,LUXE厅,江宁路699号B1-60B,"4K,LUXE",1,lighthouse_pro_excel
追忆华年,追忆华年,2026-06-12,周五,20:40,22:14,94,70,朵云轩杜比全景声影城,1号厅,天钥桥路1188号5楼,,0,lighthouse_pro_excel
那山那人那狗,那山那人那狗,2026-06-12,周五,20:40,22:09,89,60,国泰电影院,2号厅,淮海中路870号,,0,lighthouse_pro_excel
如果鸽子变成黄金,如果鸽子变成黄金,2026-06-12,周五,20:40,22:33,113,70,和平影都,二楼8号激光巨幕厅,西藏中路290号,,0,lighthouse_pro_excel
黑色电话2 (4K),黑色电话2,2026-06-12,周五,20:40,22:34,114,70,和平影都,五楼杜比全景声厅,西藏中路290号,4K,1,lighthouse_pro_excel
麦哲伦 (4K),麦哲伦,2026-06-12,周五,20:40,23:23,163,90,沪东工人文化宫东宫影剧院,1号厅,平凉路1500号(近宁国路),4K,1,lighthouse_pro_excel
凶器 (IMAX/4K),凶器,2026-06-12,周五,20:40,22:50,130,110,寰映影城（大融城店）,1号IMAX厅,沪太路1111弄10号3层L328室,"IMAX/4K,IMAX,4K",1,lighthouse_pro_excel
灰烬与钻石,灰烬与钻石,2026-06-12,周五,20:40,22:24,104,70,黄浦剧场,中剧场,上海市北京东路780号（近贵州路）,,0,lighthouse_pro_excel
夏日躁动 (4K),夏日躁动,2026-06-12,周五,20:40,22:32,112,50,嘉定影剧院,3号厅,城中路149号,4K,1,lighthouse_pro_excel
宿敌,宿敌,2026-06-12,周五,20:40,22:11,91,70,久事·上海商城剧院,剧院正厅,南京西路1376号上海商城4楼,,0,lighthouse_pro_excel
柏林艳史,柏林艳史,2026-06-12,周五,20:40,22:32,112,70,兰心大戏院,观众厅,茂名南路57号,,0,lighthouse_pro_excel
最后的KPI,最后的KPI,2026-06-12,周五,20:40,22:42,122,70,上海百丽宫影城（长宁来福士店）,3号厅,长宁路1123号七层701-703,,0,lighthouse_pro_excel
沉没,沉没,2026-06-12,周五,20:40,22:08,88,70,上海百丽宫影城（长宁来福士店）,LUXE厅,长宁路1123号七层701-703,LUXE,0,lighthouse_pro_excel
球迷,球迷,2026-06-12,周五,20:40,22:07,87,70,上海百丽宫影城（环贸iapm店）,6号厅,淮海中路999号L6-601,,0,lighthouse_pro_excel
晚餐,晚餐,2026-06-12,周五,20:40,22:27,107,70,上海百丽宫影城（陆家嘴中心店）,LUXE厅,浦东南路899号L+MALL商场10层（2号线东昌路、9号线商城路）,LUXE,0,lighthouse_pro_excel
影院灵缘,影院灵缘,2026-06-12,周五,20:40,22:19,99,70,上海百丽宫影城（万象城店）,CINITY LUXE巨幕厅,吴中路1599号L501商铺,"CINITY,LUXE",0,lighthouse_pro_excel
罗斯 (4K),罗斯,2026-06-12,周五,20:40,22:15,95,80,上海大光明电影院,1号LUXE厅,南京西路216号,"4K,LUXE",1,lighthouse_pro_excel
刘三姐,刘三姐,2026-06-12,周五,20:40,22:39,119,60,上海大光明电影院,2号厅,南京西路216号,,0,lighthouse_pro_excel
浪淘沙,浪淘沙,2026-06-12,周五,20:40,21:53,73,70,上海大光明电影院,3号厅,南京西路216号,,0,lighthouse_pro_excel
英国病人,英国病人,2026-06-12,周五,20:40,23:22,162,90,上海美琪大戏院,观众厅,江宁路66号,,0,lighthouse_pro_excel
梦想情景,梦想情景,2026-06-12,周五,20:40,22:22,102,70,上海市沪北电影院,1号厅,洛川东路500号,,0,lighthouse_pro_excel
拯救地球 (4K),拯救地球,2026-06-12,周五,20:40,22:39,119,80,上海艺海剧院,大剧场,江宁路466号,4K,1,lighthouse_pro_excel
燃烧吧！爸爸,燃烧吧！爸爸,2026-06-12,周五,20:40,22:23,103,70,上海影城SHO,2号厅Onyx,新华路160号,ONYX,0,lighthouse_pro_excel
四个春天,四个春天,2026-06-12,周五,20:40,22:26,106,60,上海影城SHO,9号厅REALD CINEMA,新华路160号,,0,lighthouse_pro_excel
山谷里的战斗,山谷里的战斗,2026-06-12,周五,20:40,22:37,117,70,世纪友谊影城（LUXE南方商城店）,6号厅,沪闵路7250号百联南方二期9楼，万源路侧门电梯可直达,,0,lighthouse_pro_excel
500英里 (4K),500英里,2026-06-12,周五,20:40,22:22,102,70,天山电影院-虹桥艺术中心旗舰店,4号厅,天山路888号,4K,1,lighthouse_pro_excel
电视台风云 (4K),电视台风云,2026-06-12,周五,20:40,22:42,122,90,天山电影院-虹桥艺术中心旗舰店,剧院厅,天山路888号,4K,1,lighthouse_pro_excel
蔑视 (4K),蔑视,2026-06-12,周五,20:40,22:24,104,70,天山电影院-宛平剧院影城,1号厅,上海市徐汇区中山南二路859号,4K,1,lighthouse_pro_excel
宿敌,宿敌,2026-06-12,周五,20:40,22:11,91,70,星轶STARX影剧院（上海宝山日月光店）,5号厅,上海市宝山区沪太路1933号【K】区2层202,,0,lighthouse_pro_excel
金多宝,金多宝,2026-06-12,周五,21:00,23:12,132,70,上海百美汇影城（静安嘉里中心店）,4K激光1号厅,南京西路1551号嘉里中心N4-01,4K,1,lighthouse_pro_excel
无可奈何 (DOLBY VISION/4K),无可奈何,2026-06-12,周五,21:00,23:19,139,110,上海影城SHO,1号厅杜比剧场,新华路160号,"DOLBY VISION/4K,DOLBY VISION,4K",1,lighthouse_pro_excel
哈利·波特与凤凰社,哈利·波特与凤凰社,2026-06-12,周五,21:00,23:18,138,70,上海影城SHO,3号厅CINITY,新华路160号,CINITY,0,lighthouse_pro_excel
哈利·波特与魔法石 (4K),哈利·波特与魔法石,2026-06-13,周六,09:00,11:33,153,70,CMG融媒影城,8号厅（杜比全景声CINITY）,龙文路19号1-4层,"CINITY,4K",1,lighthouse_pro_excel
哈利·波特与混血王子,哈利·波特与混血王子,2026-06-13,周六,09:00,11:34,154,70,上海影城SHO,3号厅CINITY,新华路160号,CINITY,0,lighthouse_pro_excel
新凯旋门,新凯旋门,2026-06-13,周六,10:00,11:47,107,70,曹杨影城,1号4K激光厅,兰溪路125号2楼,4K,1,lighthouse_pro_excel
高中 (4K),高中,2026-06-13,周六,10:00,11:16,76,70,和平影都,五楼杜比全景声厅,西藏中路290号,4K,1,lighthouse_pro_excel
中国乒乓之绝地反击,中国乒乓之绝地反击,2026-06-13,周六,10:00,12:18,138,30,沪东工人文化宫东宫影剧院,1号厅,平凉路1500号(近宁国路),,0,lighthouse_pro_excel
倒扣的王牌,倒扣的王牌,2026-06-13,周六,10:00,11:51,111,70,上海百丽宫影城（万象城店）,CINITY LUXE巨幕厅,吴中路1599号L501商铺,"CINITY,LUXE",0,lighthouse_pro_excel
亦吾亦舞,亦吾亦舞,2026-06-13,周六,10:00,12:06,126,70,上海美琪大戏院,观众厅,江宁路66号,,0,lighthouse_pro_excel
海上花 (4K),海上花,2026-06-13,周六,10:00,11:54,114,80,上海影城SHO,1号厅杜比剧场,新华路160号,4K,1,lighthouse_pro_excel
爱情是狗娘 (4K),爱情是狗娘,2026-06-13,周六,10:00,12:35,155,110,天山电影院-宛平剧院影城,1号厅,上海市徐汇区中山南二路859号,4K,1,lighthouse_pro_excel
圣玛丽矿镇谜案,圣玛丽矿镇谜案,2026-06-13,周六,10:30,11:57,87,70,上海影城SHO,2号厅Onyx,新华路160号,ONYX,0,lighthouse_pro_excel
海上花 (4K),海上花,2026-06-13,周六,10:30,12:24,114,80,天山电影院-虹桥艺术中心旗舰店,剧院厅,天山路888号,4K,1,lighthouse_pro_excel
哈利·波特与密室 (4K),哈利·波特与密室,2026-06-13,周六,12:00,14:41,161,70,CMG融媒影城,8号厅（杜比全景声CINITY）,龙文路19号1-4层,"CINITY,4K",1,lighthouse_pro_excel
铁路的白蔷薇 (4K),铁路的白蔷薇,2026-06-13,周六,12:00,18:57,417,240,UME影城（上海新天地店）,ONYX LED 4K巨幕厅,兴业路123弄6-7号楼新天地时尚I座5楼（早10点之前与晚22点之后的顾客请从新天地时尚1马当路商场通道入口进入，祝您观影愉快！）,"4K,ONYX",1,lighthouse_pro_excel
沙丘 (IMAX/4K) & 沙丘 2 (IMAX/4K),沙丘& 沙丘 2,2026-06-13,周六,12:00,17:52,352,220,寰映影城（大融城店）,1号IMAX厅,沪太路1111弄10号3层L328室,"IMAX/4K,IMAX,4K",1,lighthouse_pro_excel
剧院魅影：25周年纪念演出,剧院魅影：25周年纪念演出,2026-06-13,周六,12:00,14:40,160,110,上海大光明电影院,1号LUXE厅,南京西路216号,LUXE,0,lighthouse_pro_excel
哈利·波特与死亡圣器 (上）,哈利·波特与死亡圣器 (上）,2026-06-13,周六,12:00,14:27,147,70,上海影城SHO,3号厅CINITY,新华路160号,CINITY,0,lighthouse_pro_excel
动物园 (4K),动物园,2026-06-13,周六,12:30,14:41,131,70,上海百丽宫影城（万象城店）,CINITY LUXE巨幕厅,吴中路1599号L501商铺,"CINITY,4K,LUXE",1,lighthouse_pro_excel
总统班底 (4K),总统班底,2026-06-13,周六,12:30,14:49,139,100,上海美琪大戏院,观众厅,江宁路66号,4K,1,lighthouse_pro_excel
安娜·玛尼亚尼的传奇人生,安娜·玛尼亚尼的传奇人生,2026-06-13,周六,12:30,14:28,118,70,上海影城SHO,2号厅Onyx,新华路160号,ONYX,0,lighthouse_pro_excel
大河恋 (4K),大河恋,2026-06-13,周六,13:00,15:04,124,100,曹杨影城,1号4K激光厅,兰溪路125号2楼,4K,1,lighthouse_pro_excel
对比：肯·洛奇的生活和影片,对比：肯·洛奇的生活和影片,2026-06-13,周六,13:00,14:30,90,70,朵云轩杜比全景声影城,1号厅,天钥桥路1188号5楼,,0,lighthouse_pro_excel
罪与罚,罪与罚,2026-06-13,周六,13:00,14:34,94,80,和平影都,五楼杜比全景声厅,西藏中路290号,,0,lighthouse_pro_excel
折翼母亲,折翼母亲,2026-06-13,周六,13:00,14:43,103,70,久事·上海商城剧院,剧院正厅,南京西路1376号上海商城4楼,,0,lighthouse_pro_excel
绚烂一刻 (4K),绚烂一刻,2026-06-13,周六,13:00,14:43,103,70,兰心大戏院,观众厅,茂名南路57号,4K,1,lighthouse_pro_excel
小戒指,小戒指,2026-06-13,周六,13:00,14:33,93,70,上海百丽宫影城（长宁来福士店）,LUXE厅,长宁路1123号七层701-703,LUXE,0,lighthouse_pro_excel
投诉编号713317,投诉编号713317,2026-06-13,周六,13:00,14:22,82,70,上海百丽宫影城（环贸iapm店）,6号厅,淮海中路999号L6-601,,0,lighthouse_pro_excel
天仙配 (4K),天仙配,2026-06-13,周六,13:00,14:41,101,60,上海百美汇影城（静安嘉里中心店）,4K激光1号厅,南京西路1551号嘉里中心N4-01,4K,1,lighthouse_pro_excel
龙凤配 (4K),龙凤配,2026-06-13,周六,13:00,14:54,114,90,上海市沪北电影院,1号厅,洛川东路500号,4K,1,lighthouse_pro_excel
特鲁瓦格罗餐厅 (4K),特鲁瓦格罗餐厅,2026-06-13,周六,13:00,17:00,240,140,上海艺海剧院,大剧场,江宁路466号,4K,1,lighthouse_pro_excel
戴珍珠耳环的少女,戴珍珠耳环的少女,2026-06-13,周六,13:00,14:37,97,90,上海影城SHO,1号厅杜比剧场,新华路160号,,0,lighthouse_pro_excel
刀马旦 (4K),刀马旦,2026-06-13,周六,13:00,14:46,106,90,世纪友谊影城（LUXE南方商城店）,6号厅,沪闵路7250号百联南方二期9楼，万源路侧门电梯可直达,4K,1,lighthouse_pro_excel
罹难登山客旅馆 (4K),罹难登山客旅馆,2026-06-13,周六,13:00,14:24,84,90,天山电影院-虹桥艺术中心旗舰店,4号厅,天山路888号,4K,1,lighthouse_pro_excel
接近终点 (4K),接近终点,2026-06-13,周六,13:00,14:55,115,70,天山电影院-虹桥艺术中心旗舰店,剧院厅,天山路888号,4K,1,lighthouse_pro_excel
搜索者（4K）,搜索者,2026-06-13,周六,13:00,14:59,119,80,天山电影院-宛平剧院影城,1号厅,上海市徐汇区中山南二路859号,4K,1,lighthouse_pro_excel
哈利·波特与阿兹卡班的囚徒,哈利·波特与阿兹卡班的囚徒,2026-06-13,周六,15:00,17:22,142,70,CMG融媒影城,8号厅（杜比全景声CINITY）,龙文路19号1-4层,CINITY,0,lighthouse_pro_excel
福地,福地,2026-06-13,周六,15:00,17:50,170,90,黄浦剧场,中剧场,上海市北京东路780号（近贵州路）,,0,lighthouse_pro_excel
哈利·波特与死亡圣器 (下）,哈利·波特与死亡圣器 (下）,2026-06-13,周六,15:00,17:11,131,70,上海影城SHO,3号厅CINITY,新华路160号,CINITY,0,lighthouse_pro_excel
纽约，纽约 (4K),纽约，纽约,2026-06-13,周六,15:00,17:44,164,100,星轶STARX影剧院（上海宝山日月光店）,5号厅,上海市宝山区沪太路1933号【K】区2层202,4K,1,lighthouse_pro_excel
刘三姐,刘三姐,2026-06-13,周六,15:30,17:29,119,60,CGV影城(白玉兰广场IMAX店),激光8号厅,东长治路588号上海白玉兰广场商业裙房3层11号铺位（东长治路近新建路）,,0,lighthouse_pro_excel
创造人类 (4K),创造人类,2026-06-13,周六,15:30,18:07,157,70,CMG融媒影城,4号厅（4K激光）,龙文路19号1-4层,4K,1,lighthouse_pro_excel
头号玩家 (IMAX 3D/4K),头号玩家,2026-06-13,周六,15:30,17:51,141,110,MOViE MOViE 影城（前滩太古里店）,激光IMAX厅,东育路500弄1-9号前滩太古里石区L3层S-L3-13,"IMAX,4K,3D",1,lighthouse_pro_excel
木瓜行纪,木瓜行纪,2026-06-13,周六,15:30,16:44,74,70,SFC动漫主题影院（美罗城店）,4号厅,肇嘉浜路1111号美罗城5楼,,0,lighthouse_pro_excel
来自伦敦的男人,来自伦敦的男人,2026-06-13,周六,15:30,17:49,139,70,SFC上影百联影城（八佰伴IMAX店）,2号厅,张杨路501号10楼,,0,lighthouse_pro_excel
局外人之名,局外人之名,2026-06-13,周六,15:30,17:17,107,70,SFC上影影城（丁香路LUXE店）,5号LUXE巨幕厅,丁香路858号丁香国际三楼,LUXE,0,lighthouse_pro_excel
乱世孤儿 (4K),乱世孤儿,2026-06-13,周六,15:30,17:43,133,70,SFC上影影城（港汇永华IMAX激光店）,ONYX LED厅,虹桥路1号港汇广场6楼,"4K,ONYX",1,lighthouse_pro_excel
以救赎之名,以救赎之名,2026-06-13,周六,15:30,17:30,120,70,SFC上影影城（国华广场店）,1号LUXE巨幕厅,闸殷路1555号国华广场4楼,LUXE,0,lighthouse_pro_excel
五战挂科钉牌王 (4K),五战挂科钉牌王,2026-06-13,周六,15:30,17:24,114,80,SFC永华电影荟（世纪汇店）,CINITY2号厅,世纪大道1192号世纪汇广场5层022、6层 001号,"CINITY,4K",1,lighthouse_pro_excel
勒克瑙之花 (4K),勒克瑙之花,2026-06-13,周六,15:30,17:56,146,80,佰映三克映画,LUXE厅,江宁路699号B1-60B,"4K,LUXE",1,lighthouse_pro_excel
乱点鸳鸯谱 (4K),乱点鸳鸯谱,2026-06-13,周六,15:30,17:35,125,90,曹杨影城,1号4K激光厅,兰溪路125号2楼,4K,1,lighthouse_pro_excel
大地双星,大地双星,2026-06-13,周六,15:30,16:57,87,70,朵云轩杜比全景声影城,1号厅,天钥桥路1188号5楼,,0,lighthouse_pro_excel
四减三,四减三,2026-06-13,周六,15:30,17:31,121,70,国泰电影院,2号厅,淮海中路870号,,0,lighthouse_pro_excel
逆女如山,逆女如山,2026-06-13,周六,15:30,17:25,115,70,和平影都,二楼8号激光巨幕厅,西藏中路290号,,0,lighthouse_pro_excel
扒手,扒手,2026-06-13,周六,15:30,16:46,76,80,和平影都,五楼杜比全景声厅,西藏中路290号,,0,lighthouse_pro_excel
飞越疯人院（4K）,飞越疯人院,2026-06-13,周六,15:30,17:45,135,90,沪东工人文化宫东宫影剧院,1号厅,平凉路1500号(近宁国路),4K,1,lighthouse_pro_excel
弗里德里希大街站的英雄,弗里德里希大街站的英雄,2026-06-13,周六,15:30,17:24,114,50,嘉定影剧院,3号厅,城中路149号,,0,lighthouse_pro_excel
拯救地球 (4K),拯救地球,2026-06-13,周六,15:30,17:29,119,80,久事·上海商城剧院,剧院正厅,南京西路1376号上海商城4楼,4K,1,lighthouse_pro_excel
原始星球 (4K),原始星球,2026-06-13,周六,15:30,16:42,72,70,兰心大戏院,观众厅,茂名南路57号,4K,1,lighthouse_pro_excel
配角 (4K),配角,2026-06-13,周六,15:30,17:51,141,70,上海百丽宫影城（长宁来福士店）,3号厅,长宁路1123号七层701-703,4K,1,lighthouse_pro_excel
八千里路云和月 (4K),八千里路云和月,2026-06-13,周六,15:30,17:39,129,70,上海百丽宫影城（长宁来福士店）,LUXE厅,长宁路1123号七层701-703,"4K,LUXE",1,lighthouse_pro_excel
阿萨德 (4K),阿萨德,2026-06-13,周六,15:30,17:46,136,70,上海百丽宫影城（环贸iapm店）,6号厅,淮海中路999号L6-601,4K,1,lighthouse_pro_excel
无可奈何 (4K),无可奈何,2026-06-13,周六,15:30,17:49,139,90,上海百丽宫影城（万象城店）,CINITY LUXE巨幕厅,吴中路1599号L501商铺,"CINITY,4K,LUXE",1,lighthouse_pro_excel
迷雾之海的莉迪亚 (4K),迷雾之海的莉迪亚,2026-06-13,周六,15:30,16:55,85,80,上海百美汇影城（静安嘉里中心店）,4K激光1号厅,南京西路1551号嘉里中心N4-01,4K,1,lighthouse_pro_excel
与王生活的男人,与王生活的男人,2026-06-13,周六,15:30,17:27,117,90,上海大光明电影院,1号LUXE厅,南京西路216号,LUXE,0,lighthouse_pro_excel
重制 (4K),重制,2026-06-13,周六,15:30,17:27,117,70,上海大光明电影院,2号厅,南京西路216号,4K,1,lighthouse_pro_excel
破晓微光,破晓微光,2026-06-13,周六,15:30,17:28,118,70,上海大光明电影院,3号厅,南京西路216号,,0,lighthouse_pro_excel
晚餐,晚餐,2026-06-13,周六,15:30,17:17,107,70,上海科技影城,3号厅,南昌路59号1-3F,,0,lighthouse_pro_excel
凯德警长 (4K),凯德警长,2026-06-13,周六,15:30,17:44,134,90,上海美琪大戏院,观众厅,江宁路66号,4K,1,lighthouse_pro_excel
好人寥寥 (4K),好人寥寥,2026-06-13,周六,15:30,17:48,138,100,上海市沪北电影院,1号厅,洛川东路500号,4K,1,lighthouse_pro_excel
热情如火 (4K),热情如火,2026-06-13,周六,15:30,17:33,123,90,上海影城SHO,1号厅杜比剧场,新华路160号,4K,1,lighthouse_pro_excel
红色娘子军 (4K),红色娘子军,2026-06-13,周六,15:30,17:27,117,60,上海影城SHO,9号厅REALD CINEMA,新华路160号,4K,1,lighthouse_pro_excel
危情蜻蜓 (4K),危情蜻蜓,2026-06-13,周六,15:30,17:09,99,70,世纪友谊影城（LUXE南方商城店）,6号厅,沪闵路7250号百联南方二期9楼，万源路侧门电梯可直达,4K,1,lighthouse_pro_excel
黄色领带,黄色领带,2026-06-13,周六,15:30,17:55,145,70,天山电影院-虹桥艺术中心旗舰店,4号厅,天山路888号,,0,lighthouse_pro_excel
骗中骗 (4K),骗中骗,2026-06-13,周六,15:30,17:39,129,90,天山电影院-虹桥艺术中心旗舰店,剧院厅,天山路888号,4K,1,lighthouse_pro_excel
生活多美好 (4K),生活多美好,2026-06-13,周六,15:30,17:41,131,90,天山电影院-宛平剧院影城,1号厅,上海市徐汇区中山南二路859号,4K,1,lighthouse_pro_excel
开幕红毯直播及开幕影片《第四幕》放映,开幕红毯直播及开幕影片《第四幕》放映,2026-06-13,周六,18:00,21:45,225,280,上海大光明电影院,1号LUXE厅,南京西路216号,LUXE,0,lighthouse_pro_excel
神奇动物在哪里 (3D),神奇动物在哪里,2026-06-13,周六,18:00,20:13,133,70,上海影城SHO,3号厅CINITY,新华路160号,"CINITY,3D",0,lighthouse_pro_excel
明天提问,明天提问,2026-06-13,周六,18:30,20:07,97,70,CGV影城(白玉兰广场IMAX店),激光8号厅,东长治路588号上海白玉兰广场商业裙房3层11号铺位（东长治路近新建路）,,0,lighthouse_pro_excel
阿诗玛 （4K）,阿诗玛,2026-06-13,周六,18:30,20:01,91,30,CGV影城（青浦天空万科广场IMAX店）,8号激光厅,徐泾镇崧泽大道2229弄天空万科广场3楼CGV影城,4K,1,lighthouse_pro_excel
三声再见 (4K),三声再见,2026-06-13,周六,18:30,20:33,123,30,CGV影城（松江印象城杜比ULTRA 4DX店）,6号厅,广富林路1788弄松江印象城4层L419,4K,1,lighthouse_pro_excel
玛丽·安宁：化石猎人,玛丽·安宁：化石猎人,2026-06-13,周六,18:30,19:43,73,70,CMG融媒影城,4号厅（4K激光）,龙文路19号1-4层,4K,1,lighthouse_pro_excel
哈利·波特与火焰杯,哈利·波特与火焰杯,2026-06-13,周六,18:30,21:07,157,70,CMG融媒影城,8号厅（杜比全景声CINITY）,龙文路19号1-4层,CINITY,0,lighthouse_pro_excel
忘梦洞 (IMAX 3D/4K),忘梦洞,2026-06-13,周六,18:30,20:03,93,110,MOViE MOViE 影城（前滩太古里店）,激光IMAX厅,东育路500弄1-9号前滩太古里石区L3层S-L3-13,"IMAX,4K,3D",1,lighthouse_pro_excel
幻时之境,幻时之境,2026-06-13,周六,18:30,20:04,94,70,SFC动漫主题影院（美罗城店）,4号厅,肇嘉浜路1111号美罗城5楼,,0,lighthouse_pro_excel
梦中花园,梦中花园,2026-06-13,周六,18:30,20:13,103,70,SFC上影百联影城（八佰伴IMAX店）,2号厅,张杨路501号10楼,,0,lighthouse_pro_excel
短片精选集2,短片精选集2,2026-06-13,周六,18:30,20:16,106,70,SFC上影影城（丁香路LUXE店）,5号LUXE巨幕厅,丁香路858号丁香国际三楼,LUXE,0,lighthouse_pro_excel
传奇：演唱的猫王 (IMAX/4K),传奇：演唱的猫王,2026-06-13,周六,18:30,20:08,98,120,SFC上影影城（港汇永华IMAX激光店）,IMAX厅,虹桥路1号港汇广场6楼,"IMAX/4K,IMAX,4K",1,lighthouse_pro_excel
网红宝贝我是谁 (4K),网红宝贝我是谁,2026-06-13,周六,18:30,20:09,99,70,SFC上影影城（港汇永华IMAX激光店）,ONYX LED厅,虹桥路1号港汇广场6楼,"4K,ONYX",1,lighthouse_pro_excel
失重,失重,2026-06-13,周六,18:30,20:08,98,70,SFC上影影城（国华广场店）,1号LUXE巨幕厅,闸殷路1555号国华广场4楼,LUXE,0,lighthouse_pro_excel
一个和八个,一个和八个,2026-06-13,周六,18:30,20:01,91,60,SFC永华电影荟（世纪汇店）,CINITY2号厅,世纪大道1192号世纪汇广场5层022、6层 001号,CINITY,0,lighthouse_pro_excel
沙之城市 (4K),沙之城市,2026-06-13,周六,18:30,20:09,99,80,SFC永华电影荟（世纪汇店）,CRYSTAL ONE LED1号厅,世纪大道1192号世纪汇广场5层022、6层 001号,4K,1,lighthouse_pro_excel
短片精选集1,短片精选集1,2026-06-13,周六,18:30,19:58,88,70,佰映三克映画,LUXE厅,江宁路699号B1-60B,LUXE,0,lighthouse_pro_excel
冲破黑暗谷 (IMAX/4K),冲破黑暗谷,2026-06-13,周六,18:30,20:23,113,110,博悦汇影城（BFC外滩金融中心店）,8号IMAX厅,中山东二路600号（近枫泾路）地下1层02单元、地下2层02单元,"IMAX/4K,IMAX,4K",1,lighthouse_pro_excel
安妮·霍尔 (4K),安妮·霍尔,2026-06-13,周六,18:30,20:04,94,90,曹杨影城,1号4K激光厅,兰溪路125号2楼,4K,1,lighthouse_pro_excel
圣诞女士竞选记,圣诞女士竞选记,2026-06-13,周六,18:30,20:06,96,70,朵云轩杜比全景声影城,1号厅,天钥桥路1188号5楼,,0,lighthouse_pro_excel
满盘皆忙,满盘皆忙,2026-06-13,周六,18:30,20:19,109,70,国泰电影院,2号厅,淮海中路870号,,0,lighthouse_pro_excel
临终祷文 (4K),临终祷文,2026-06-13,周六,18:30,20:05,95,70,和平影都,二楼8号激光巨幕厅,西藏中路290号,4K,1,lighthouse_pro_excel
地下情,地下情,2026-06-13,周六,18:30,20:08,98,80,和平影都,五楼杜比全景声厅,西藏中路290号,,0,lighthouse_pro_excel
隐形女士,隐形女士,2026-06-13,周六,18:30,20:06,96,70,沪东工人文化宫东宫影剧院,1号厅,平凉路1500号(近宁国路),,0,lighthouse_pro_excel
滚石乐队 至臻现场 (IMAX/4K),滚石乐队 至臻现场,2026-06-13,周六,18:30,19:57,87,120,寰映影城（大融城店）,1号IMAX厅,沪太路1111弄10号3层L328室,"IMAX/4K,IMAX,4K",1,lighthouse_pro_excel
变形金刚：大电影 (DOLBY VISION/4K),变形金刚：大电影,2026-06-13,周六,18:30,19:55,85,110,寰映影城（大融城店）,3号厅（杜比影院）,沪太路1111弄10号3层L328室,"DOLBY VISION/4K,DOLBY VISION,4K",1,lighthouse_pro_excel
一切可售,一切可售,2026-06-13,周六,18:30,20:10,100,70,黄浦剧场,中剧场,上海市北京东路780号（近贵州路）,,0,lighthouse_pro_excel
马塞尔·帕尼奥尔的华丽人生,马塞尔·帕尼奥尔的华丽人生,2026-06-13,周六,18:30,20:01,91,50,嘉定影剧院,3号厅,城中路149号,,0,lighthouse_pro_excel
镜的第三乐章 (4K),镜的第三乐章,2026-06-13,周六,18:30,19:57,87,70,久事·上海商城剧院,剧院正厅,南京西路1376号上海商城4楼,4K,1,lighthouse_pro_excel
时间之主 (4K),时间之主,2026-06-13,周六,18:30,19:50,80,70,兰心大戏院,观众厅,茂名南路57号,4K,1,lighthouse_pro_excel
我的父亲是特工,我的父亲是特工,2026-06-13,周六,18:30,19:57,87,70,上海百丽宫影城（长宁来福士店）,3号厅,长宁路1123号七层701-703,,0,lighthouse_pro_excel
500英里 (4K),500英里,2026-06-13,周六,18:30,20:12,102,70,上海百丽宫影城（长宁来福士店）,LUXE厅,长宁路1123号七层701-703,"4K,LUXE",1,lighthouse_pro_excel
被遗忘的树之歌,被遗忘的树之歌,2026-06-13,周六,18:30,19:48,78,70,上海百丽宫影城（环贸iapm店）,6号厅,淮海中路999号L6-601,,0,lighthouse_pro_excel
她的时光机 (4K),她的时光机,2026-06-13,周六,18:30,19:43,73,70,上海百丽宫影城（陆家嘴中心店）,LUXE厅,浦东南路899号L+MALL商场10层（2号线东昌路、9号线商城路）,"4K,LUXE",1,lighthouse_pro_excel
春 (4K),春,2026-06-13,周六,18:30,20:21,111,70,上海百丽宫影城（万象城店）,CINITY LUXE巨幕厅,吴中路1599号L501商铺,"CINITY,4K,LUXE",1,lighthouse_pro_excel
父影之下,父影之下,2026-06-13,周六,18:30,20:03,93,70,上海百美汇影城（静安嘉里中心店）,4K激光1号厅,南京西路1551号嘉里中心N4-01,4K,1,lighthouse_pro_excel
罗伯托·罗西里尼：即兴人生,罗伯托·罗西里尼：即兴人生,2026-06-13,周六,18:30,19:57,87,70,上海大光明电影院,2号厅,南京西路216号,,0,lighthouse_pro_excel
追忆华年,追忆华年,2026-06-13,周六,18:30,20:04,94,70,上海大光明电影院,3号厅,南京西路216号,,0,lighthouse_pro_excel
短片精选集3,短片精选集3,2026-06-13,周六,18:30,20:08,98,70,上海科技影城,3号厅,南昌路59号1-3F,,0,lighthouse_pro_excel
失去的周末,失去的周末,2026-06-13,周六,18:30,20:11,101,70,上海美琪大戏院,观众厅,江宁路66号,,0,lighthouse_pro_excel
摇滚万万岁2 (4K),摇滚万万岁2,2026-06-13,周六,18:30,19:54,84,70,上海市沪北电影院,1号厅,洛川东路500号,4K,1,lighthouse_pro_excel
伴我同行 (4K),伴我同行,2026-06-13,周六,18:30,19:59,89,90,上海艺海剧院,大剧场,江宁路466号,4K,1,lighthouse_pro_excel
双重赔偿 (4K),双重赔偿,2026-06-13,周六,18:30,20:18,108,90,上海影城SHO,1号厅杜比剧场,新华路160号,4K,1,lighthouse_pro_excel
寻找薇薇安·迈尔,寻找薇薇安·迈尔,2026-06-13,周六,18:30,19:54,84,80,上海影城SHO,2号厅Onyx,新华路160号,ONYX,0,lighthouse_pro_excel
百鸟朝凤,百鸟朝凤,2026-06-13,周六,18:30,20:18,108,60,上海影城SHO,9号厅REALD CINEMA,新华路160号,,0,lighthouse_pro_excel
我理解您的不满,我理解您的不满,2026-06-13,周六,18:30,20:03,93,70,世纪友谊影城（LUXE南方商城店）,6号厅,沪闵路7250号百联南方二期9楼，万源路侧门电梯可直达,,0,lighthouse_pro_excel
我们是伯利恒 (4K),我们是伯利恒,2026-06-13,周六,18:30,20:18,108,70,天山电影院-虹桥艺术中心旗舰店,4号厅,天山路888号,4K,1,lighthouse_pro_excel
小孩与鹰,小孩与鹰,2026-06-13,周六,18:30,20:21,111,80,天山电影院-虹桥艺术中心旗舰店,剧院厅,天山路888号,,0,lighthouse_pro_excel
遗愿清单,遗愿清单,2026-06-13,周六,18:30,20:07,97,90,天山电影院-宛平剧院影城,1号厅,上海市徐汇区中山南二路859号,,0,lighthouse_pro_excel
不虚此行,不虚此行,2026-06-13,周六,18:30,20:30,120,30,万达影城（崇明万达广场店）,1号厅,城桥镇崇明大道8388号3F-A室,,0,lighthouse_pro_excel
小小得月楼,小小得月楼,2026-06-13,周六,18:30,20:04,94,30,万达影城（金山万达广场店）,5号厅,龙皓路1088号万达广场四楼,,0,lighthouse_pro_excel
无痛凯恩 (DOLBY VISION/4K),无痛凯恩,2026-06-13,周六,18:30,20:20,110,110,万达影城（五角场万达广场激光IMAX店）,13号厅（杜比影院）,国宾路58号五角场万达商业广场三层,"DOLBY VISION/4K,DOLBY VISION,4K",1,lighthouse_pro_excel
永远的特里斯坦岛 (4K),永远的特里斯坦岛,2026-06-13,周六,18:30,20:01,91,70,星轶STARX影剧院（上海宝山日月光店）,5号厅,上海市宝山区沪太路1933号【K】区2层202,4K,1,lighthouse_pro_excel
我们的土地 (4K),我们的土地,2026-06-13,周六,20:40,22:44,124,70,CGV影城(白玉兰广场IMAX店),激光8号厅,东长治路588号上海白玉兰广场商业裙房3层11号铺位（东长治路近新建路）,4K,1,lighthouse_pro_excel
忘恩负义之人 (4K),忘恩负义之人,2026-06-13,周六,20:40,22:31,111,70,CMG融媒影城,4号厅（4K激光）,龙文路19号1-4层,4K,1,lighthouse_pro_excel
凶器 (IMAX/4K),凶器,2026-06-13,周六,20:40,22:50,130,110,MOViE MOViE 影城（前滩太古里店）,激光IMAX厅,东育路500弄1-9号前滩太古里石区L3层S-L3-13,"IMAX/4K,IMAX,4K",1,lighthouse_pro_excel
吉塔姜利·饶动画短片合集,吉塔姜利·饶动画短片合集,2026-06-13,周六,20:40,21:45,65,60,SFC动漫主题影院（美罗城店）,4号厅,肇嘉浜路1111号美罗城5楼,,0,lighthouse_pro_excel
亡命警探,亡命警探,2026-06-13,周六,20:40,22:15,95,70,SFC上影百联影城（八佰伴IMAX店）,2号厅,张杨路501号10楼,,0,lighthouse_pro_excel
UFO离奇命案,UFO离奇命案,2026-06-13,周六,20:40,22:07,87,70,SFC上影影城（丁香路LUXE店）,5号LUXE巨幕厅,丁香路858号丁香国际三楼,LUXE,0,lighthouse_pro_excel
冲破黑暗谷 (IMAX/4K),冲破黑暗谷,2026-06-13,周六,20:40,22:33,113,110,SFC上影影城（港汇永华IMAX激光店）,IMAX厅,虹桥路1号港汇广场6楼,"IMAX/4K,IMAX,4K",1,lighthouse_pro_excel
请记得我,请记得我,2026-06-13,周六,20:40,21:58,78,70,SFC上影影城（港汇永华IMAX激光店）,ONYX LED厅,虹桥路1号港汇广场6楼,ONYX,0,lighthouse_pro_excel
童梦如鸢 (4K),童梦如鸢,2026-06-13,周六,20:40,22:12,92,70,SFC上影影城（国华广场店）,1号LUXE巨幕厅,闸殷路1555号国华广场4楼,"4K,LUXE",1,lighthouse_pro_excel
最后的KPI,最后的KPI,2026-06-13,周六,20:40,22:42,122,70,SFC永华电影荟（世纪汇店）,CINITY2号厅,世纪大道1192号世纪汇广场5层022、6层 001号,CINITY,0,lighthouse_pro_excel
麦哲伦 (4K),麦哲伦,2026-06-13,周六,20:40,23:23,163,90,UME影城（上海新天地店）,ONYX LED 4K巨幕厅,兴业路123弄6-7号楼新天地时尚I座5楼（早10点之前与晚22点之后的顾客请从新天地时尚1马当路商场通道入口进入，祝您观影愉快！）,"4K,ONYX",1,lighthouse_pro_excel
局外人,局外人,2026-06-13,周六,20:40,22:42,122,80,佰映三克映画,LUXE厅,江宁路699号B1-60B,LUXE,0,lighthouse_pro_excel
桃色公寓 (4K),桃色公寓,2026-06-13,周六,20:40,22:46,126,90,曹杨影城,1号4K激光厅,兰溪路125号2楼,4K,1,lighthouse_pro_excel
禁忌：埃贡?席勒,禁忌：埃贡?席勒,2026-06-13,周六,20:40,22:11,91,70,朵云轩杜比全景声影城,1号厅,天钥桥路1188号5楼,,0,lighthouse_pro_excel
假凤虚凰,假凤虚凰,2026-06-13,周六,20:40,22:12,92,70,国泰电影院,2号厅,淮海中路870号,,0,lighthouse_pro_excel
一个悲伤而美丽的世界,一个悲伤而美丽的世界,2026-06-13,周六,20:40,22:30,110,70,和平影都,二楼8号激光巨幕厅,西藏中路290号,,0,lighthouse_pro_excel
积木人生,积木人生,2026-06-13,周六,20:40,21:57,77,70,和平影都,五楼杜比全景声厅,西藏中路290号,,0,lighthouse_pro_excel
德意志零年,德意志零年,2026-06-13,周六,20:40,21:54,74,70,沪东工人文化宫东宫影剧院,1号厅,平凉路1500号(近宁国路),,0,lighthouse_pro_excel
风暴边缘 (IMAX/4K),风暴边缘,2026-06-13,周六,20:40,22:16,96,110,寰映影城（大融城店）,1号IMAX厅,沪太路1111弄10号3层L328室,"IMAX/4K,IMAX,4K",1,lighthouse_pro_excel
无罪的巫师,无罪的巫师,2026-06-13,周六,20:40,22:08,88,70,黄浦剧场,中剧场,上海市北京东路780号（近贵州路）,,0,lighthouse_pro_excel
看得见风景的房间 (4K),看得见风景的房间,2026-06-13,周六,20:40,22:38,118,50,嘉定影剧院,3号厅,城中路149号,4K,1,lighthouse_pro_excel
离开拉斯维加斯 (4K),离开拉斯维加斯,2026-06-13,周六,20:40,22:33,113,90,久事·上海商城剧院,剧院正厅,南京西路1376号上海商城4楼,4K,1,lighthouse_pro_excel
甘达星人 (4K),甘达星人,2026-06-13,周六,20:40,22:04,84,70,兰心大戏院,观众厅,茂名南路57号,4K,1,lighthouse_pro_excel
钨 (4K),钨,2026-06-13,周六,20:40,22:22,102,70,上海百丽宫影城（长宁来福士店）,3号厅,长宁路1123号七层701-703,4K,1,lighthouse_pro_excel
微笑村恐怖事件 (4K),微笑村恐怖事件,2026-06-13,周六,20:40,22:43,123,70,上海百丽宫影城（长宁来福士店）,LUXE厅,长宁路1123号七层701-703,"4K,LUXE",1,lighthouse_pro_excel
礼拜天 (4K),礼拜天,2026-06-13,周六,20:40,22:37,117,70,上海百丽宫影城（陆家嘴中心店）,LUXE厅,浦东南路899号L+MALL商场10层（2号线东昌路、9号线商城路）,"4K,LUXE",1,lighthouse_pro_excel
三级警戒 (4K),三级警戒,2026-06-13,周六,20:40,22:20,100,70,上海百丽宫影城（万象城店）,CINITY LUXE巨幕厅,吴中路1599号L501商铺,"CINITY,4K,LUXE",1,lighthouse_pro_excel
冰山上的来客,冰山上的来客,2026-06-13,周六,20:40,22:27,107,60,上海百美汇影城（静安嘉里中心店）,4K激光1号厅,南京西路1551号嘉里中心N4-01,4K,1,lighthouse_pro_excel
印度,印度,2026-06-13,周六,20:40,22:11,91,70,上海大光明电影院,2号厅,南京西路216号,,0,lighthouse_pro_excel
埃里克·侯麦：少年心气,埃里克·侯麦：少年心气,2026-06-13,周六,20:40,21:40,60,70,上海大光明电影院,3号厅,南京西路216号,,0,lighthouse_pro_excel
核,核,2026-06-13,周六,20:40,22:19,99,70,上海科技影城,3号厅,南昌路59号1-3F,,0,lighthouse_pro_excel
怦然心动,怦然心动,2026-06-13,周六,20:40,22:10,90,90,上海美琪大戏院,观众厅,江宁路66号,,0,lighthouse_pro_excel
尼娜与萝扎,尼娜与萝扎,2026-06-13,周六,20:40,22:24,104,70,上海市沪北电影院,1号厅,洛川东路500号,,0,lighthouse_pro_excel
罗斯 (4K),罗斯,2026-06-13,周六,20:40,22:15,95,80,上海艺海剧院,大剧场,江宁路466号,4K,1,lighthouse_pro_excel
电视台风云 (4K),电视台风云,2026-06-13,周六,20:40,22:42,122,90,上海影城SHO,1号厅杜比剧场,新华路160号,4K,1,lighthouse_pro_excel
黑色电话2 (4K),黑色电话2,2026-06-13,周六,20:40,22:34,114,70,上海影城SHO,2号厅Onyx,新华路160号,"4K,ONYX",1,lighthouse_pro_excel
神奇动物：格林德沃之罪 (3D),神奇动物：格林德沃之罪,2026-06-13,周六,20:40,22:54,134,70,上海影城SHO,3号厅CINITY,新华路160号,"CINITY,3D",0,lighthouse_pro_excel
小洞天,小洞天,2026-06-13,周六,20:40,22:27,107,70,上海影城SHO,9号厅REALD CINEMA,新华路160号,,0,lighthouse_pro_excel
噬草者 (4K),噬草者,2026-06-13,周六,20:40,22:01,81,70,世纪友谊影城（LUXE南方商城店）,6号厅,沪闵路7250号百联南方二期9楼，万源路侧门电梯可直达,4K,1,lighthouse_pro_excel
妈样年华,妈样年华,2026-06-13,周六,20:40,22:15,95,70,天山电影院-虹桥艺术中心旗舰店,4号厅,天山路888号,,0,lighthouse_pro_excel
英国病人,英国病人,2026-06-13,周六,20:40,23:22,162,90,天山电影院-虹桥艺术中心旗舰店,剧院厅,天山路888号,,0,lighthouse_pro_excel
双重人格,双重人格,2026-06-13,周六,20:40,22:13,93,80,天山电影院-宛平剧院影城,1号厅,上海市徐汇区中山南二路859号,,0,lighthouse_pro_excel
对不起，我们错过了你,对不起，我们错过了你,2026-06-13,周六,20:40,22:22,102,70,星轶STARX影剧院（上海宝山日月光店）,5号厅,上海市宝山区沪太路1933号【K】区2层202,,0,lighthouse_pro_excel
哈利·波特与凤凰社,哈利·波特与凤凰社,2026-06-14,周日,09:00,11:18,138,70,CMG融媒影城,8号厅（杜比全景声CINITY）,龙文路19号1-4层,CINITY,0,lighthouse_pro_excel
茫然女王 (4K),茫然女王,2026-06-14,周日,09:00,11:02,122,90,曹杨影城,1号4K激光厅,兰溪路125号2楼,4K,1,lighthouse_pro_excel
爱情是狗娘 (4K),爱情是狗娘,2026-06-14,周日,09:00,11:35,155,110,天山电影院-虹桥艺术中心旗舰店,剧院厅,天山路888号,4K,1,lighthouse_pro_excel
折翼母亲,折翼母亲,2026-06-14,周日,09:30,11:13,103,70,上海美琪大戏院,观众厅,江宁路66号,,0,lighthouse_pro_excel
父母姐弟 (4K),父母姐弟,2026-06-14,周日,10:00,11:51,111,80,和平影都,五楼杜比全景声厅,西藏中路290号,4K,1,lighthouse_pro_excel
神奇动物：邓布利多之谜 (4K),神奇动物：邓布利多之谜,2026-06-14,周日,10:00,12:23,143,70,上海影城SHO,3号厅CINITY,新华路160号,"CINITY,4K",1,lighthouse_pro_excel
安妮·霍尔 (4K),安妮·霍尔,2026-06-14,周日,10:30,12:04,94,90,上海百丽宫影城（万象城店）,CINITY LUXE巨幕厅,吴中路1599号L501商铺,"CINITY,4K,LUXE",1,lighthouse_pro_excel
恐怖分子,恐怖分子,2026-06-14,周日,10:30,12:22,112,70,上海大光明电影院,1号LUXE厅,南京西路216号,LUXE,0,lighthouse_pro_excel
她们的狂想曲 (4K),她们的狂想曲,2026-06-14,周日,10:30,11:52,82,70,上海影城SHO,2号厅Onyx,新华路160号,"4K,ONYX",1,lighthouse_pro_excel
哈利·波特与混血王子,哈利·波特与混血王子,2026-06-14,周日,12:00,14:34,154,70,CMG融媒影城,8号厅（杜比全景声CINITY）,龙文路19号1-4层,CINITY,0,lighthouse_pro_excel
沙丘 (IMAX/4K) & 沙丘 2 (IMAX/4K),沙丘& 沙丘 2,2026-06-14,周日,12:00,17:52,352,220,MOViE MOViE 影城（前滩太古里店）,激光IMAX厅,东育路500弄1-9号前滩太古里石区L3层S-L3-13,"IMAX/4K,IMAX,4K",1,lighthouse_pro_excel
铁路的白蔷薇 (4K),铁路的白蔷薇,2026-06-14,周日,12:00,18:57,417,240,曹杨影城,1号4K激光厅,兰溪路125号2楼,4K,1,lighthouse_pro_excel
走出非洲 (4K),走出非洲,2026-06-14,周日,12:00,14:41,161,100,上海美琪大戏院,观众厅,江宁路66号,4K,1,lighthouse_pro_excel
飞越疯人院（4K）,飞越疯人院,2026-06-14,周日,12:30,14:45,135,90,天山电影院-虹桥艺术中心旗舰店,剧院厅,天山路888号,4K,1,lighthouse_pro_excel
人工智能,人工智能,2026-06-14,周日,12:30,14:56,146,100,天山电影院-宛平剧院影城,1号厅,上海市徐汇区中山南二路859号,,0,lighthouse_pro_excel
大河恋 (4K),大河恋,2026-06-14,周日,13:00,15:04,124,100,UME影城（上海新天地店）,ONYX LED 4K巨幕厅,兴业路123弄6-7号楼新天地时尚I座5楼（早10点之前与晚22点之后的顾客请从新天地时尚1马当路商场通道入口进入，祝您观影愉快！）,"4K,ONYX",1,lighthouse_pro_excel
恶搞大片 (4K),恶搞大片,2026-06-14,周日,13:00,14:30,90,70,朵云轩杜比全景声影城,1号厅,天钥桥路1188号5楼,4K,1,lighthouse_pro_excel
德意志零年,德意志零年,2026-06-14,周日,13:00,14:14,74,70,和平影都,五楼杜比全景声厅,西藏中路290号,,0,lighthouse_pro_excel
大鱼海棠 (IMAX),大鱼海棠,2026-06-14,周日,13:00,14:45,105,110,寰映影城（大融城店）,1号IMAX厅,沪太路1111弄10号3层L328室,IMAX,0,lighthouse_pro_excel
爸妈不在家,爸妈不在家,2026-06-14,周日,13:00,14:40,100,70,久事·上海商城剧院,剧院正厅,南京西路1376号上海商城4楼,,0,lighthouse_pro_excel
龙凤配 (4K),龙凤配,2026-06-14,周日,13:00,14:54,114,90,兰心大戏院,观众厅,茂名南路57号,4K,1,lighthouse_pro_excel
日光之下 (4K),日光之下,2026-06-14,周日,13:00,14:46,106,70,上海百丽宫影城（长宁来福士店）,LUXE厅,长宁路1123号七层701-703,"4K,LUXE",1,lighthouse_pro_excel
发纸水谣,发纸水谣,2026-06-14,周日,13:00,14:12,72,70,上海百丽宫影城（环贸iapm店）,6号厅,淮海中路999号L6-601,,0,lighthouse_pro_excel
特鲁瓦格罗餐厅 (4K),特鲁瓦格罗餐厅,2026-06-14,周日,13:00,17:00,240,140,上海百丽宫影城（万象城店）,CINITY LUXE巨幕厅,吴中路1599号L501商铺,"CINITY,4K,LUXE",1,lighthouse_pro_excel
泡泡骑士珍宝,泡泡骑士珍宝,2026-06-14,周日,13:00,14:42,102,70,上海百美汇影城（静安嘉里中心店）,4K激光1号厅,南京西路1551号嘉里中心N4-01,4K,1,lighthouse_pro_excel
夺魂索 (4K),夺魂索,2026-06-14,周日,13:00,14:21,81,90,上海大光明电影院,1号LUXE厅,南京西路216号,"4K,LUXE",1,lighthouse_pro_excel
情迷亚历山大,情迷亚历山大,2026-06-14,周日,13:00,15:11,131,70,上海市沪北电影院,1号厅,洛川东路500号,,0,lighthouse_pro_excel
与王生活的男人,与王生活的男人,2026-06-14,周日,13:00,14:57,117,90,上海艺海剧院,大剧场,江宁路466号,,0,lighthouse_pro_excel
废墟之上,废墟之上,2026-06-14,周日,13:00,14:18,78,70,上海影城SHO,2号厅Onyx,新华路160号,ONYX,0,lighthouse_pro_excel
小羊肖恩2：末日农场,小羊肖恩2：末日农场,2026-06-14,周日,13:00,14:27,87,70,上海影城SHO,3号厅CINITY,新华路160号,CINITY,0,lighthouse_pro_excel
意外以外,意外以外,2026-06-14,周日,13:00,14:34,94,70,上海影城SHO,9号厅REALD CINEMA,新华路160号,,0,lighthouse_pro_excel
哈利·波特与死亡圣器 (上）,哈利·波特与死亡圣器 (上）,2026-06-14,周日,15:00,17:27,147,70,CMG融媒影城,8号厅（杜比全景声CINITY）,龙文路19号1-4层,CINITY,0,lighthouse_pro_excel
纽约，纽约 (4K),纽约，纽约,2026-06-14,周日,15:00,17:44,164,50,嘉定影剧院,3号厅,城中路149号,4K,1,lighthouse_pro_excel
四减三,四减三,2026-06-14,周日,15:30,17:31,121,70,CGV影城(白玉兰广场IMAX店),激光8号厅,东长治路588号上海白玉兰广场商业裙房3层11号铺位（东长治路近新建路）,,0,lighthouse_pro_excel
玛丽·安宁：化石猎人,玛丽·安宁：化石猎人,2026-06-14,周日,15:30,16:43,73,70,SFC动漫主题影院（美罗城店）,4号厅,肇嘉浜路1111号美罗城5楼,,0,lighthouse_pro_excel
战火,战火,2026-06-14,周日,15:30,17:36,126,70,SFC上影影城（丁香路LUXE店）,5号LUXE巨幕厅,丁香路858号丁香国际三楼,LUXE,0,lighthouse_pro_excel
配角 (4K),配角,2026-06-14,周日,15:30,17:51,141,70,SFC上影影城（港汇永华IMAX激光店）,ONYX LED厅,虹桥路1号港汇广场6楼,"4K,ONYX",1,lighthouse_pro_excel
勒克瑙之花 (4K),勒克瑙之花,2026-06-14,周日,15:30,17:56,146,80,SFC上影影城（国华广场店）,1号LUXE巨幕厅,闸殷路1555号国华广场4楼,"4K,LUXE",1,lighthouse_pro_excel
黄河绝恋,黄河绝恋,2026-06-14,周日,15:30,17:21,111,60,SFC永华电影荟（世纪汇店）,CINITY2号厅,世纪大道1192号世纪汇广场5层022、6层 001号,CINITY,0,lighthouse_pro_excel
搜索者（4K）,搜索者,2026-06-14,周日,15:30,17:29,119,80,UME影城（上海新天地店）,ONYX LED 4K巨幕厅,兴业路123弄6-7号楼新天地时尚I座5楼（早10点之前与晚22点之后的顾客请从新天地时尚1马当路商场通道入口进入，祝您观影愉快！）,"4K,ONYX",1,lighthouse_pro_excel
遗忘的记忆,遗忘的记忆,2026-06-14,周日,15:30,17:13,103,70,朵云轩杜比全景声影城,1号厅,天钥桥路1188号5楼,,0,lighthouse_pro_excel
对比：肯·洛奇的生活和影片,对比：肯·洛奇的生活和影片,2026-06-14,周日,15:30,17:00,90,70,国泰电影院,2号厅,淮海中路870号,,0,lighthouse_pro_excel
倒扣的王牌,倒扣的王牌,2026-06-14,周日,15:30,17:21,111,70,和平影都,五楼杜比全景声厅,西藏中路290号,,0,lighthouse_pro_excel
桃色公寓 (4K),桃色公寓,2026-06-14,周日,15:30,17:36,126,90,沪东工人文化宫东宫影剧院,1号厅,平凉路1500号(近宁国路),4K,1,lighthouse_pro_excel
冲破黑暗谷 (IMAX/4K),冲破黑暗谷,2026-06-14,周日,15:30,17:23,113,110,寰映影城（大融城店）,1号IMAX厅,沪太路1111弄10号3层L328室,"IMAX/4K,IMAX,4K",1,lighthouse_pro_excel
新凯旋门,新凯旋门,2026-06-14,周日,15:30,17:17,107,70,黄浦剧场,中剧场,上海市北京东路780号（近贵州路）,,0,lighthouse_pro_excel
第四幕,第四幕,2026-06-14,周日,15:30,17:23,113,70,久事·上海商城剧院,剧院正厅,南京西路1376号上海商城4楼,,0,lighthouse_pro_excel
异乡人,异乡人,2026-06-14,周日,15:30,17:39,129,70,兰心大戏院,观众厅,茂名南路57号,,0,lighthouse_pro_excel
春 (4K),春,2026-06-14,周日,15:30,17:21,111,70,上海百丽宫影城（长宁来福士店）,3号厅,长宁路1123号七层701-703,4K,1,lighthouse_pro_excel
果然,果然,2026-06-14,周日,15:30,16:58,88,70,上海百丽宫影城（长宁来福士店）,LUXE厅,长宁路1123号七层701-703,LUXE,0,lighthouse_pro_excel
我的喜悦夏天,我的喜悦夏天,2026-06-14,周日,15:30,17:03,93,70,上海百丽宫影城（环贸iapm店）,6号厅,淮海中路999号L6-601,,0,lighthouse_pro_excel
五战挂科钉牌王 (4K),五战挂科钉牌王,2026-06-14,周日,15:30,17:24,114,80,上海百丽宫影城（陆家嘴中心店）,LUXE厅,浦东南路899号L+MALL商场10层（2号线东昌路、9号线商城路）,"4K,LUXE",1,lighthouse_pro_excel
黄色领带,黄色领带,2026-06-14,周日,15:30,17:55,145,70,上海百美汇影城（静安嘉里中心店）,4K激光1号厅,南京西路1551号嘉里中心N4-01,4K,1,lighthouse_pro_excel
骗中骗 (4K),骗中骗,2026-06-14,周日,15:30,17:39,129,90,上海大光明电影院,1号LUXE厅,南京西路216号,"4K,LUXE",1,lighthouse_pro_excel
八千里路云和月 (4K),八千里路云和月,2026-06-14,周日,15:30,17:39,129,70,上海大光明电影院,2号厅,南京西路216号,4K,1,lighthouse_pro_excel
以救赎之名,以救赎之名,2026-06-14,周日,15:30,17:30,120,70,上海大光明电影院,3号厅,南京西路216号,,0,lighthouse_pro_excel
意外以外,意外以外,2026-06-14,周日,15:30,17:04,94,70,上海科技影城,3号厅,南昌路59号1-3F,,0,lighthouse_pro_excel
热情如火 (4K),热情如火,2026-06-14,周日,15:30,17:33,123,90,上海美琪大戏院,观众厅,江宁路66号,4K,1,lighthouse_pro_excel
山谷里的战斗,山谷里的战斗,2026-06-14,周日,15:30,17:27,117,70,上海市沪北电影院,1号厅,洛川东路500号,,0,lighthouse_pro_excel
总统班底 (4K),总统班底,2026-06-14,周日,15:30,17:49,139,100,上海艺海剧院,大剧场,江宁路466号,4K,1,lighthouse_pro_excel
我们的土地 (4K),我们的土地,2026-06-14,周日,15:30,17:34,124,70,上海影城SHO,2号厅Onyx,新华路160号,"4K,ONYX",1,lighthouse_pro_excel
微光女孩,微光女孩,2026-06-14,周日,15:30,17:31,121,70,上海影城SHO,3号厅CINITY,新华路160号,CINITY,0,lighthouse_pro_excel
海底沙漠,海底沙漠,2026-06-14,周日,15:30,17:06,96,70,上海影城SHO,9号厅REALD CINEMA,新华路160号,,0,lighthouse_pro_excel
恩典 (4K),恩典,2026-06-14,周日,15:30,17:43,133,80,世纪友谊影城（LUXE南方商城店）,6号厅,沪闵路7250号百联南方二期9楼，万源路侧门电梯可直达,4K,1,lighthouse_pro_excel
苏霍 (4K),苏霍,2026-06-14,周日,15:30,17:38,128,70,天山电影院-虹桥艺术中心旗舰店,4号厅,天山路888号,4K,1,lighthouse_pro_excel
搜索者（4K）,搜索者,2026-06-14,周日,15:30,17:29,119,80,天山电影院-虹桥艺术中心旗舰店,剧院厅,天山路888号,4K,1,lighthouse_pro_excel
好人寥寥 (4K),好人寥寥,2026-06-14,周日,15:30,17:48,138,100,天山电影院-宛平剧院影城,1号厅,上海市徐汇区中山南二路859号,4K,1,lighthouse_pro_excel
科隆女孩,科隆女孩,2026-06-14,周日,15:30,17:27,117,70,星轶STARX影剧院（上海宝山日月光店）,5号厅,上海市宝山区沪太路1933号【K】区2层202,,0,lighthouse_pro_excel
冈仁波齐,冈仁波齐,2026-06-14,周日,18:00,19:58,118,60,CGV影城(白玉兰广场IMAX店),激光8号厅,东长治路588号上海白玉兰广场商业裙房3层11号铺位（东长治路近新建路）,,0,lighthouse_pro_excel
哈利·波特与死亡圣器 (下）,哈利·波特与死亡圣器 (下）,2026-06-14,周日,18:00,20:11,131,70,CMG融媒影城,8号厅（杜比全景声CINITY）,龙文路19号1-4层,CINITY,0,lighthouse_pro_excel
钨 (4K),钨,2026-06-14,周日,18:00,19:42,102,70,国泰电影院,2号厅,淮海中路870号,4K,1,lighthouse_pro_excel
阿萨德 (4K),阿萨德,2026-06-14,周日,18:00,20:16,136,70,和平影都,二楼8号激光巨幕厅,西藏中路290号,4K,1,lighthouse_pro_excel
三声再见 (4K),三声再见,2026-06-14,周日,18:00,20:03,123,70,上海百丽宫影城（长宁来福士店）,LUXE厅,长宁路1123号七层701-703,"4K,LUXE",1,lighthouse_pro_excel
弗里达 (4K),弗里达,2026-06-14,周日,18:00,19:28,88,80,上海影城SHO,2号厅Onyx,新华路160号,"4K,ONYX",1,lighthouse_pro_excel
一个夜晚与三个夏天,一个夜晚与三个夏天,2026-06-14,周日,18:00,19:40,100,70,上海影城SHO,9号厅REALD CINEMA,新华路160号,,0,lighthouse_pro_excel
艾瑞丝的忧夏 (4K),艾瑞丝的忧夏,2026-06-14,周日,18:30,20:13,103,30,CGV影城（青浦天空万科广场IMAX店）,8号激光厅,徐泾镇崧泽大道2229弄天空万科广场3楼CGV影城,4K,1,lighthouse_pro_excel
亡命警探,亡命警探,2026-06-14,周日,18:30,20:05,95,30,CGV影城（松江印象城杜比ULTRA 4DX店）,6号厅,广富林路1788弄松江印象城4层L419,,0,lighthouse_pro_excel
圣诞女士竞选记,圣诞女士竞选记,2026-06-14,周日,18:30,20:06,96,70,CMG融媒影城,4号厅（4K激光）,龙文路19号1-4层,4K,1,lighthouse_pro_excel
滚石乐队 至臻现场 (IMAX/4K),滚石乐队 至臻现场,2026-06-14,周日,18:30,19:57,87,120,MOViE MOViE 影城（前滩太古里店）,激光IMAX厅,东育路500弄1-9号前滩太古里石区L3层S-L3-13,"IMAX/4K,IMAX,4K",1,lighthouse_pro_excel
迷雾之海的莉迪亚 (4K),迷雾之海的莉迪亚,2026-06-14,周日,18:30,19:55,85,80,SFC动漫主题影院（美罗城店）,4号厅,肇嘉浜路1111号美罗城5楼,4K,1,lighthouse_pro_excel
疏散,疏散,2026-06-14,周日,18:30,19:52,82,70,SFC上影百联影城（八佰伴IMAX店）,2号厅,张杨路501号10楼,,0,lighthouse_pro_excel
亡命警探,亡命警探,2026-06-14,周日,18:30,20:05,95,70,SFC上影影城（丁香路LUXE店）,5号LUXE巨幕厅,丁香路858号丁香国际三楼,LUXE,0,lighthouse_pro_excel
局外人之名,局外人之名,2026-06-14,周日,18:30,20:17,107,70,SFC上影影城（港汇永华IMAX激光店）,ONYX LED厅,虹桥路1号港汇广场6楼,ONYX,0,lighthouse_pro_excel
三条QUEEN (4K),三条QUEEN,2026-06-14,周日,18:30,20:09,99,70,SFC上影影城（国华广场店）,1号LUXE巨幕厅,闸殷路1555号国华广场4楼,"4K,LUXE",1,lighthouse_pro_excel
荣耀嘻哈 (4K),荣耀嘻哈,2026-06-14,周日,18:30,20:03,93,70,SFC永华电影荟（世纪汇店）,CINITY2号厅,世纪大道1192号世纪汇广场5层022、6层 001号,"CINITY,4K",1,lighthouse_pro_excel
大地双星,大地双星,2026-06-14,周日,18:30,19:57,87,70,SFC永华电影荟（世纪汇店）,CRYSTAL ONE LED1号厅,世纪大道1192号世纪汇广场5层022、6层 001号,,0,lighthouse_pro_excel
暗流低语 (4K),暗流低语,2026-06-14,周日,18:30,20:04,94,70,UME影城（上海新天地店）,ONYX LED 4K巨幕厅,兴业路123弄6-7号楼新天地时尚I座5楼（早10点之前与晚22点之后的顾客请从新天地时尚1马当路商场通道入口进入，祝您观影愉快！）,"4K,ONYX",1,lighthouse_pro_excel
奥利维亚与无声震波,奥利维亚与无声震波,2026-06-14,周日,18:30,19:41,71,70,佰映三克映画,LUXE厅,江宁路699号B1-60B,LUXE,0,lighthouse_pro_excel
头号玩家 (IMAX 3D/4K),头号玩家,2026-06-14,周日,18:30,20:51,141,110,博悦汇影城（BFC外滩金融中心店）,8号IMAX厅,中山东二路600号（近枫泾路）地下1层02单元、地下2层02单元,"IMAX,4K,3D",1,lighthouse_pro_excel
寻找薇薇安·迈尔,寻找薇薇安·迈尔,2026-06-14,周日,18:30,19:54,84,80,朵云轩杜比全景声影城,1号厅,天钥桥路1188号5楼,,0,lighthouse_pro_excel
我是布莱克,我是布莱克,2026-06-14,周日,18:30,20:11,101,70,和平影都,五楼杜比全景声厅,西藏中路290号,,0,lighthouse_pro_excel
双重人格,双重人格,2026-06-14,周日,18:30,20:03,93,80,沪东工人文化宫东宫影剧院,1号厅,平凉路1500号(近宁国路),,0,lighthouse_pro_excel
传奇：演唱的猫王 (IMAX/4K),传奇：演唱的猫王,2026-06-14,周日,18:30,20:08,98,120,寰映影城（大融城店）,1号IMAX厅,沪太路1111弄10号3层L328室,"IMAX/4K,IMAX,4K",1,lighthouse_pro_excel
无痛凯恩 (DOLBY VISION/4K),无痛凯恩,2026-06-14,周日,18:30,20:20,110,110,寰映影城（大融城店）,3号厅（杜比影院）,沪太路1111弄10号3层L328室,"DOLBY VISION/4K,DOLBY VISION,4K",1,lighthouse_pro_excel
总统的蛋糕 (4K),总统的蛋糕,2026-06-14,周日,18:30,20:16,106,70,黄浦剧场,中剧场,上海市北京东路780号（近贵州路）,4K,1,lighthouse_pro_excel
我理解您的不满,我理解您的不满,2026-06-14,周日,18:30,20:03,93,50,嘉定影剧院,3号厅,城中路149号,,0,lighthouse_pro_excel
好女儿,好女儿,2026-06-14,周日,18:30,20:13,103,70,久事·上海商城剧院,剧院正厅,南京西路1376号上海商城4楼,,0,lighthouse_pro_excel
居巢,居巢,2026-06-14,周日,18:30,20:16,106,70,兰心大戏院,观众厅,茂名南路57号,,0,lighthouse_pro_excel
球迷,球迷,2026-06-14,周日,18:30,19:57,87,30,临港演艺中心,1号厅,中国（上海）自由贸易试验区临港新片区顶科路200号,,0,lighthouse_pro_excel
新钱游戏 (4K),新钱游戏,2026-06-14,周日,18:30,20:11,101,70,上海百丽宫影城（长宁来福士店）,3号厅,长宁路1123号七层701-703,4K,1,lighthouse_pro_excel
百里挑一,百里挑一,2026-06-14,周日,18:30,20:13,103,70,上海百丽宫影城（环贸iapm店）,6号厅,淮海中路999号L6-601,,0,lighthouse_pro_excel
生日快乐,生日快乐,2026-06-14,周日,18:30,20:02,92,70,上海百丽宫影城（陆家嘴中心店）,LUXE厅,浦东南路899号L+MALL商场10层（2号线东昌路、9号线商城路）,LUXE,0,lighthouse_pro_excel
高中 (4K),高中,2026-06-14,周日,18:30,19:46,76,70,上海百丽宫影城（万象城店）,CINITY LUXE巨幕厅,吴中路1599号L501商铺,"CINITY,4K,LUXE",1,lighthouse_pro_excel
黑暗之心,黑暗之心,2026-06-14,周日,18:30,19:54,84,70,上海百美汇影城（静安嘉里中心店）,4K激光1号厅,南京西路1551号嘉里中心N4-01,4K,1,lighthouse_pro_excel
双重赔偿 (4K),双重赔偿,2026-06-14,周日,18:30,20:18,108,90,上海大光明电影院,1号LUXE厅,南京西路216号,"4K,LUXE",1,lighthouse_pro_excel
血色机库 (4K),血色机库,2026-06-14,周日,18:30,19:53,83,70,上海大光明电影院,2号厅,南京西路216号,4K,1,lighthouse_pro_excel
405谋杀案,405谋杀案,2026-06-14,周日,18:30,20:12,102,70,上海大光明电影院,3号厅,南京西路216号,,0,lighthouse_pro_excel
明天提问,明天提问,2026-06-14,周日,18:30,20:07,97,70,上海科技影城,3号厅,南昌路59号1-3F,,0,lighthouse_pro_excel
伴我同行 (4K),伴我同行,2026-06-14,周日,18:30,19:59,89,90,上海美琪大戏院,观众厅,江宁路66号,4K,1,lighthouse_pro_excel
开罗车站 (4K),开罗车站,2026-06-14,周日,18:30,19:47,77,80,上海市沪北电影院,1号厅,洛川东路500号,4K,1,lighthouse_pro_excel
杀手蝴蝶梦 (4K),杀手蝴蝶梦,2026-06-14,周日,18:30,20:01,91,80,上海艺海剧院,大剧场,江宁路466号,4K,1,lighthouse_pro_excel
危情十日 (4K),危情十日,2026-06-14,周日,18:30,20:18,108,90,上海影城SHO,1号厅杜比剧场,新华路160号,4K,1,lighthouse_pro_excel
海之子,海之子,2026-06-14,周日,18:30,19:48,78,70,上海影城SHO,3号厅CINITY,新华路160号,CINITY,0,lighthouse_pro_excel
永远的特里斯坦岛 (4K),永远的特里斯坦岛,2026-06-14,周日,18:30,20:01,91,70,世纪友谊影城（LUXE南方商城店）,6号厅,沪闵路7250号百联南方二期9楼，万源路侧门电梯可直达,4K,1,lighthouse_pro_excel
吉尔吉斯少年行,吉尔吉斯少年行,2026-06-14,周日,18:30,19:48,78,70,天山电影院-虹桥艺术中心旗舰店,4号厅,天山路888号,,0,lighthouse_pro_excel
遗愿清单,遗愿清单,2026-06-14,周日,18:30,20:07,97,90,天山电影院-虹桥艺术中心旗舰店,剧院厅,天山路888号,,0,lighthouse_pro_excel
戴珍珠耳环的少女,戴珍珠耳环的少女,2026-06-14,周日,18:30,20:07,97,90,天山电影院-宛平剧院影城,1号厅,上海市徐汇区中山南二路859号,,0,lighthouse_pro_excel
2026 金爵奖动画短片合集,2026 金爵奖动画短片合集,2026-06-14,周日,18:30,19:32,62,30,万达影城（崇明万达广场店）,1号厅,城桥镇崇明大道8388号3F-A室,,0,lighthouse_pro_excel
核,核,2026-06-14,周日,18:30,20:09,99,30,万达影城（金山万达广场店）,5号厅,龙皓路1088号万达广场四楼,,0,lighthouse_pro_excel
变形金刚：大电影 (DOLBY VISION/4K),变形金刚：大电影,2026-06-14,周日,18:30,19:55,85,110,万达影城（五角场万达广场激光IMAX店）,13号厅（杜比影院）,国宾路58号五角场万达商业广场三层,"DOLBY VISION/4K,DOLBY VISION,4K",1,lighthouse_pro_excel
阿诗玛 （4K）,阿诗玛,2026-06-14,周日,18:30,20:01,91,70,星轶STARX影剧院（上海宝山日月光店）,5号厅,上海市宝山区沪太路1933号【K】区2层202,4K,1,lighthouse_pro_excel
上帝不会帮忙,上帝不会帮忙,2026-06-14,周日,20:40,22:57,137,70,CGV影城(白玉兰广场IMAX店),激光8号厅,东长治路588号上海白玉兰广场商业裙房3层11号铺位（东长治路近新建路）,,0,lighthouse_pro_excel
藏在水箱里的人,藏在水箱里的人,2026-06-14,周日,20:40,22:34,114,70,CMG融媒影城,4号厅（4K激光）,龙文路19号1-4层,4K,1,lighthouse_pro_excel
家庭生活,家庭生活,2026-06-14,周日,20:40,22:29,109,70,CMG融媒影城,8号厅（杜比全景声CINITY）,龙文路19号1-4层,CINITY,0,lighthouse_pro_excel
大鱼海棠 (IMAX),大鱼海棠,2026-06-14,周日,20:40,22:25,105,110,MOViE MOViE 影城（前滩太古里店）,激光IMAX厅,东育路500弄1-9号前滩太古里石区L3层S-L3-13,IMAX,0,lighthouse_pro_excel
莉娜·冯·多伦动画短片合集,莉娜·冯·多伦动画短片合集,2026-06-14,周日,20:40,21:18,38,40,SFC动漫主题影院（美罗城店）,4号厅,肇嘉浜路1111号美罗城5楼,,0,lighthouse_pro_excel
我们的土地 (4K),我们的土地,2026-06-14,周日,20:40,22:44,124,70,SFC上影百联影城（八佰伴IMAX店）,2号厅,张杨路501号10楼,4K,1,lighthouse_pro_excel
投诉编号713317,投诉编号713317,2026-06-14,周日,20:40,22:02,82,70,SFC上影影城（丁香路LUXE店）,5号LUXE巨幕厅,丁香路858号丁香国际三楼,LUXE,0,lighthouse_pro_excel
凶器 (IMAX/4K),凶器,2026-06-14,周日,20:40,22:50,130,110,SFC上影影城（港汇永华IMAX激光店）,IMAX厅,虹桥路1号港汇广场6楼,"IMAX/4K,IMAX,4K",1,lighthouse_pro_excel
奔赴维戈！,奔赴维戈！,2026-06-14,周日,20:40,22:18,98,70,SFC上影影城（港汇永华IMAX激光店）,ONYX LED厅,虹桥路1号港汇广场6楼,ONYX,0,lighthouse_pro_excel
沉没,沉没,2026-06-14,周日,20:40,22:08,88,70,SFC上影影城（国华广场店）,1号LUXE巨幕厅,闸殷路1555号国华广场4楼,LUXE,0,lighthouse_pro_excel
蒙比公主的回忆 (4K),蒙比公主的回忆,2026-06-14,周日,20:40,22:01,81,70,SFC永华电影荟（世纪汇店）,CINITY2号厅,世纪大道1192号世纪汇广场5层022、6层 001号,"CINITY,4K",1,lighthouse_pro_excel
爱上平行时空的你,爱上平行时空的你,2026-06-14,周日,20:40,22:20,100,70,UME影城（上海新天地店）,ONYX LED 4K巨幕厅,兴业路123弄6-7号楼新天地时尚I座5楼（早10点之前与晚22点之后的顾客请从新天地时尚1马当路商场通道入口进入，祝您观影愉快！）,"4K,ONYX",1,lighthouse_pro_excel
四个春天,四个春天,2026-06-14,周日,20:40,22:26,106,60,佰映三克映画,LUXE厅,江宁路699号B1-60B,LUXE,0,lighthouse_pro_excel
看得见风景的房间 (4K),看得见风景的房间,2026-06-14,周日,20:40,22:38,118,90,曹杨影城,1号4K激光厅,兰溪路125号2楼,4K,1,lighthouse_pro_excel
我的父亲是特工,我的父亲是特工,2026-06-14,周日,20:40,22:07,87,70,朵云轩杜比全景声影城,1号厅,天钥桥路1188号5楼,,0,lighthouse_pro_excel
局外人,局外人,2026-06-14,周日,20:40,22:42,122,80,国泰电影院,2号厅,淮海中路870号,,0,lighthouse_pro_excel
最后的KPI,最后的KPI,2026-06-14,周日,20:40,22:42,122,70,和平影都,二楼8号激光巨幕厅,西藏中路290号,,0,lighthouse_pro_excel
梦想情景,梦想情景,2026-06-14,周日,20:40,22:22,102,70,和平影都,五楼杜比全景声厅,西藏中路290号,,0,lighthouse_pro_excel
宿敌,宿敌,2026-06-14,周日,20:40,22:11,91,70,沪东工人文化宫东宫影剧院,1号厅,平凉路1500号(近宁国路),,0,lighthouse_pro_excel
头号玩家 (IMAX 3D/4K),头号玩家,2026-06-14,周日,20:40,23:01,141,110,寰映影城（大融城店）,1号IMAX厅,沪太路1111弄10号3层L328室,"IMAX,4K,3D",1,lighthouse_pro_excel
蔑视 (4K),蔑视,2026-06-14,周日,20:40,22:24,104,70,黄浦剧场,中剧场,上海市北京东路780号（近贵州路）,4K,1,lighthouse_pro_excel
离开拉斯维加斯 (4K),离开拉斯维加斯,2026-06-14,周日,20:40,22:33,113,50,嘉定影剧院,3号厅,城中路149号,4K,1,lighthouse_pro_excel
热带雨,热带雨,2026-06-14,周日,20:40,22:23,103,70,久事·上海商城剧院,剧院正厅,南京西路1376号上海商城4楼,,0,lighthouse_pro_excel
积木人生,积木人生,2026-06-14,周日,20:40,21:57,77,70,兰心大戏院,观众厅,茂名南路57号,,0,lighthouse_pro_excel
短片精选集1,短片精选集1,2026-06-14,周日,20:40,22:08,88,70,上海百丽宫影城（长宁来福士店）,3号厅,长宁路1123号七层701-703,,0,lighthouse_pro_excel
忘恩负义之人 (4K),忘恩负义之人,2026-06-14,周日,20:40,22:31,111,70,上海百丽宫影城（长宁来福士店）,LUXE厅,长宁路1123号七层701-703,"4K,LUXE",1,lighthouse_pro_excel
埃里克·侯麦：少年心气,埃里克·侯麦：少年心气,2026-06-14,周日,20:40,21:40,60,70,上海百丽宫影城（环贸iapm店）,6号厅,淮海中路999号L6-601,,0,lighthouse_pro_excel
微笑村恐怖事件 (4K),微笑村恐怖事件,2026-06-14,周日,20:40,22:43,123,70,上海百丽宫影城（陆家嘴中心店）,LUXE厅,浦东南路899号L+MALL商场10层（2号线东昌路、9号线商城路）,"4K,LUXE",1,lighthouse_pro_excel
提提卡失序记事 (4K),提提卡失序记事,2026-06-14,周日,20:40,22:04,84,70,上海百丽宫影城（万象城店）,CINITY LUXE巨幕厅,吴中路1599号L501商铺,"CINITY,4K,LUXE",1,lighthouse_pro_excel
妈样年华,妈样年华,2026-06-14,周日,20:40,22:15,95,70,上海百美汇影城（静安嘉里中心店）,4K激光1号厅,南京西路1551号嘉里中心N4-01,4K,1,lighthouse_pro_excel
英国病人,英国病人,2026-06-14,周日,20:40,23:22,162,90,上海大光明电影院,1号LUXE厅,南京西路216号,LUXE,0,lighthouse_pro_excel
安娜·玛尼亚尼的传奇人生,安娜·玛尼亚尼的传奇人生,2026-06-14,周日,20:40,22:38,118,70,上海大光明电影院,2号厅,南京西路216号,,0,lighthouse_pro_excel
冰山上的来客,冰山上的来客,2026-06-14,周日,20:40,22:27,107,60,上海大光明电影院,3号厅,南京西路216号,,0,lighthouse_pro_excel
珠峰黑暗 (4K),珠峰黑暗,2026-06-14,周日,20:40,22:10,90,70,上海科技影城,3号厅,南昌路59号1-3F,4K,1,lighthouse_pro_excel
电视台风云 (4K),电视台风云,2026-06-14,周日,20:40,22:42,122,90,上海美琪大戏院,观众厅,江宁路66号,4K,1,lighthouse_pro_excel
柏林艳史,柏林艳史,2026-06-14,周日,20:40,22:32,112,70,上海市沪北电影院,1号厅,洛川东路500号,,0,lighthouse_pro_excel
离开拉斯维加斯 (4K),离开拉斯维加斯,2026-06-14,周日,20:40,22:33,113,90,上海艺海剧院,大剧场,江宁路466号,4K,1,lighthouse_pro_excel
魔女嘉莉 (4K),魔女嘉莉,2026-06-14,周日,20:40,22:18,98,90,上海影城SHO,1号厅杜比剧场,新华路160号,4K,1,lighthouse_pro_excel
马拉加街夕阳红,马拉加街夕阳红,2026-06-14,周日,20:40,22:37,117,70,上海影城SHO,2号厅Onyx,新华路160号,ONYX,0,lighthouse_pro_excel
无人看见的夜晚,无人看见的夜晚,2026-06-14,周日,20:40,22:11,91,70,上海影城SHO,3号厅CINITY,新华路160号,CINITY,0,lighthouse_pro_excel
浪淘沙,浪淘沙,2026-06-14,周日,20:40,21:53,73,70,上海影城SHO,9号厅REALD CINEMA,新华路160号,,0,lighthouse_pro_excel
137号案件,137号案件,2026-06-14,周日,20:40,22:37,117,70,世纪友谊影城（LUXE南方商城店）,6号厅,沪闵路7250号百联南方二期9楼，万源路侧门电梯可直达,,0,lighthouse_pro_excel
如果鸽子变成黄金,如果鸽子变成黄金,2026-06-14,周日,20:40,22:33,113,70,天山电影院-虹桥艺术中心旗舰店,4号厅,天山路888号,,0,lighthouse_pro_excel
玛戈王后 (4K),玛戈王后,2026-06-14,周日,20:40,23:19,159,110,天山电影院-虹桥艺术中心旗舰店,剧院厅,天山路888号,4K,1,lighthouse_pro_excel
噬草者 (4K),噬草者,2026-06-14,周日,20:40,22:01,81,70,天山电影院-宛平剧院影城,1号厅,上海市徐汇区中山南二路859号,4K,1,lighthouse_pro_excel
童梦如鸢 (4K),童梦如鸢,2026-06-14,周日,20:40,22:12,92,70,星轶STARX影剧院（上海宝山日月光店）,5号厅,上海市宝山区沪太路1933号【K】区2层202,4K,1,lighthouse_pro_excel
神奇动物在哪里 (3D),神奇动物在哪里,2026-06-15,周一,10:00,12:13,133,70,CMG融媒影城,8号厅（杜比全景声CINITY）,龙文路19号1-4层,"CINITY,3D",0,lighthouse_pro_excel
失去的周末,失去的周末,2026-06-15,周一,10:00,11:41,101,70,上海大光明电影院,1号LUXE厅,南京西路216号,LUXE,0,lighthouse_pro_excel
茫然女王 (4K),茫然女王,2026-06-15,周一,10:00,12:02,122,90,上海影城SHO,1号厅杜比剧场,新华路160号,4K,1,lighthouse_pro_excel
走出非洲 (4K),走出非洲,2026-06-15,周一,12:00,14:41,161,100,天山电影院-宛平剧院影城,1号厅,上海市徐汇区中山南二路859号,4K,1,lighthouse_pro_excel
神奇动物：格林德沃之罪 (3D),神奇动物：格林德沃之罪,2026-06-15,周一,12:30,14:44,134,70,CMG融媒影城,8号厅（杜比全景声CINITY）,龙文路19号1-4层,"CINITY,3D",0,lighthouse_pro_excel
都灵之马,都灵之马,2026-06-15,周一,12:30,15:05,155,70,久事·上海商城剧院,剧院正厅,南京西路1376号上海商城4楼,,0,lighthouse_pro_excel
科隆女孩,科隆女孩,2026-06-15,周一,12:30,14:27,117,70,兰心大戏院,观众厅,茂名南路57号,,0,lighthouse_pro_excel
海上花 (4K),海上花,2026-06-15,周一,12:30,14:24,114,80,上海大光明电影院,1号LUXE厅,南京西路216号,"4K,LUXE",1,lighthouse_pro_excel
双重赔偿 (4K),双重赔偿,2026-06-15,周一,12:30,14:18,108,90,上海美琪大戏院,观众厅,江宁路66号,4K,1,lighthouse_pro_excel
夏日躁动 (4K),夏日躁动,2026-06-15,周一,12:30,14:22,112,70,上海影城SHO,2号厅Onyx,新华路160号,"4K,ONYX",1,lighthouse_pro_excel
阿马德欧与假设的新世界,阿马德欧与假设的新世界,2026-06-15,周一,12:30,14:15,105,70,上海影城SHO,3号厅CINITY,新华路160号,CINITY,0,lighthouse_pro_excel
鲸鱼马戏团 (4K),鲸鱼马戏团,2026-06-15,周一,12:30,14:57,147,70,天山电影院-虹桥艺术中心旗舰店,剧院厅,天山路888号,4K,1,lighthouse_pro_excel
危情蜻蜓 (4K),危情蜻蜓,2026-06-15,周一,13:00,14:39,99,70,曹杨影城,1号4K激光厅,兰溪路125号2楼,4K,1,lighthouse_pro_excel
海洋,海洋,2026-06-15,周一,13:00,14:44,104,80,朵云轩杜比全景声影城,1号厅,天钥桥路1188号5楼,,0,lighthouse_pro_excel
哀乐中年 (4K),哀乐中年,2026-06-15,周一,13:00,14:50,110,70,和平影都,五楼杜比全景声厅,西藏中路290号,4K,1,lighthouse_pro_excel
罹难登山客旅馆 (4K),罹难登山客旅馆,2026-06-15,周一,13:00,14:24,84,90,上海百丽宫影城（万象城店）,CINITY LUXE巨幕厅,吴中路1599号L501商铺,"CINITY,4K,LUXE",1,lighthouse_pro_excel
小孩与鹰,小孩与鹰,2026-06-15,周一,13:00,14:51,111,80,上海艺海剧院,大剧场,江宁路466号,,0,lighthouse_pro_excel
新不了情 (4K),新不了情,2026-06-15,周一,13:00,14:39,99,70,天山电影院-虹桥艺术中心旗舰店,4号厅,天山路888号,4K,1,lighthouse_pro_excel
西厢记（昆曲）,西厢记（昆曲）,2026-06-15,周一,14:00,15:50,110,80,上海影城SHO,1号厅杜比剧场,新华路160号,,0,lighthouse_pro_excel
福地,福地,2026-06-15,周一,15:00,17:50,170,90,国泰电影院,2号厅,淮海中路870号,,0,lighthouse_pro_excel
纽约，纽约 (4K),纽约，纽约,2026-06-15,周一,15:00,17:44,164,100,兰心大戏院,观众厅,茂名南路57号,4K,1,lighthouse_pro_excel
莫扎特传 (4K),莫扎特传,2026-06-15,周一,15:00,17:41,161,100,上海大光明电影院,1号LUXE厅,南京西路216号,"4K,LUXE",1,lighthouse_pro_excel
浪浪山小妖怪,浪浪山小妖怪,2026-06-15,周一,15:00,16:59,119,60,上海影城SHO,2号厅Onyx,新华路160号,ONYX,0,lighthouse_pro_excel
冈仁波齐,冈仁波齐,2026-06-15,周一,15:00,16:58,118,60,上海影城SHO,3号厅CINITY,新华路160号,CINITY,0,lighthouse_pro_excel
神奇动物：邓布利多之谜 (4K),神奇动物：邓布利多之谜,2026-06-15,周一,15:30,17:53,143,70,CMG融媒影城,8号厅（杜比全景声CINITY）,龙文路19号1-4层,"CINITY,4K",1,lighthouse_pro_excel
原始星球 (4K),原始星球,2026-06-15,周一,15:30,16:42,72,70,SFC动漫主题影院（美罗城店）,4号厅,肇嘉浜路1111号美罗城5楼,4K,1,lighthouse_pro_excel
屋顶,屋顶,2026-06-15,周一,15:30,17:08,98,70,UME影城（上海新天地店）,ONYX LED 4K巨幕厅,兴业路123弄6-7号楼新天地时尚I座5楼（早10点之前与晚22点之后的顾客请从新天地时尚1马当路商场通道入口进入，祝您观影愉快！）,"4K,ONYX",1,lighthouse_pro_excel
热情如火 (4K),热情如火,2026-06-15,周一,15:30,17:33,123,90,曹杨影城,1号4K激光厅,兰溪路125号2楼,4K,1,lighthouse_pro_excel
流浪北极熊 (4K),流浪北极熊,2026-06-15,周一,15:30,17:05,95,70,朵云轩杜比全景声影城,1号厅,天钥桥路1188号5楼,4K,1,lighthouse_pro_excel
足球少女玛丽亚 (4K),足球少女玛丽亚,2026-06-15,周一,15:30,17:24,114,70,和平影都,五楼杜比全景声厅,西藏中路290号,4K,1,lighthouse_pro_excel
人工智能,人工智能,2026-06-15,周一,15:30,17:56,146,100,沪东工人文化宫东宫影剧院,1号厅,平凉路1500号(近宁国路),,0,lighthouse_pro_excel
来自伦敦的男人,来自伦敦的男人,2026-06-15,周一,15:30,17:49,139,70,黄浦剧场,中剧场,上海市北京东路780号（近贵州路）,,0,lighthouse_pro_excel
纽伦堡 (4K),纽伦堡,2026-06-15,周一,15:30,17:59,149,90,久事·上海商城剧院,剧院正厅,南京西路1376号上海商城4楼,4K,1,lighthouse_pro_excel
最后之熊,最后之熊,2026-06-15,周一,15:30,17:05,95,70,上海百丽宫影城（长宁来福士店）,LUXE厅,长宁路1123号七层701-703,LUXE,0,lighthouse_pro_excel
奇南客栈,奇南客栈,2026-06-15,周一,15:30,17:50,140,70,上海百丽宫影城（环贸iapm店）,6号厅,淮海中路999号L6-601,,0,lighthouse_pro_excel
双重人格,双重人格,2026-06-15,周一,15:30,17:03,93,80,上海百丽宫影城（万象城店）,CINITY LUXE巨幕厅,吴中路1599号L501商铺,"CINITY,LUXE",0,lighthouse_pro_excel
海底沙漠,海底沙漠,2026-06-15,周一,15:30,17:06,96,70,上海大光明电影院,2号厅,南京西路216号,,0,lighthouse_pro_excel
我们的土地 (4K),我们的土地,2026-06-15,周一,15:30,17:34,124,70,上海大光明电影院,3号厅,南京西路216号,4K,1,lighthouse_pro_excel
勒克瑙之花 (4K),勒克瑙之花,2026-06-15,周一,15:30,17:56,146,80,上海市沪北电影院,1号厅,洛川东路500号,4K,1,lighthouse_pro_excel
大河恋 (4K),大河恋,2026-06-15,周一,15:30,17:34,124,100,上海艺海剧院,大剧场,江宁路466号,4K,1,lighthouse_pro_excel
八千里路云和月 (4K),八千里路云和月,2026-06-15,周一,15:30,17:39,129,70,上海影城SHO,9号厅REALD CINEMA,新华路160号,4K,1,lighthouse_pro_excel
郊区的鸟,郊区的鸟,2026-06-15,周一,15:30,17:23,113,70,天山电影院-虹桥艺术中心旗舰店,4号厅,天山路888号,,0,lighthouse_pro_excel
扣篮梦工厂 (4K),扣篮梦工厂,2026-06-15,周一,15:30,17:36,126,70,天山电影院-虹桥艺术中心旗舰店,剧院厅,天山路888号,4K,1,lighthouse_pro_excel
父母姐弟 (4K),父母姐弟,2026-06-15,周一,15:30,17:21,111,80,天山电影院-宛平剧院影城,1号厅,上海市徐汇区中山南二路859号,4K,1,lighthouse_pro_excel
微光女孩,微光女孩,2026-06-15,周一,18:00,20:01,121,70,CGV影城(白玉兰广场IMAX店),激光8号厅,东长治路588号上海白玉兰广场商业裙房3层11号铺位（东长治路近新建路）,,0,lighthouse_pro_excel
匈牙利婚礼 (4K),匈牙利婚礼,2026-06-15,周一,18:00,19:34,94,70,SFC上影影城（港汇永华IMAX激光店）,ONYX LED厅,虹桥路1号港汇广场6楼,"4K,ONYX",1,lighthouse_pro_excel
现实回望 (XR),现实回望,2026-06-15,周一,18:00,18:21,21,70,佰映三克映画,2号ScreeningRoom厅,江宁路699号B1-60B,XR,0,lighthouse_pro_excel
破晓微光,破晓微光,2026-06-15,周一,18:00,19:58,118,70,上海百美汇影城（静安嘉里中心店）,4K激光1号厅,南京西路1551号嘉里中心N4-01,4K,1,lighthouse_pro_excel
恋恋山城 (4K),恋恋山城,2026-06-15,周一,18:00,20:02,122,90,上海影城SHO,1号厅杜比剧场,新华路160号,4K,1,lighthouse_pro_excel
盲女与大象 (4K),盲女与大象,2026-06-15,周一,18:00,19:21,81,70,上海影城SHO,2号厅Onyx,新华路160号,"4K,ONYX",1,lighthouse_pro_excel
春 (4K),春,2026-06-15,周一,18:00,19:51,111,70,世纪友谊影城（LUXE南方商城店）,6号厅,沪闵路7250号百联南方二期9楼，万源路侧门电梯可直达,4K,1,lighthouse_pro_excel
战栗空间 (4K),战栗空间,2026-06-15,周一,18:00,19:52,112,90,天山电影院-宛平剧院影城,1号厅,上海市徐汇区中山南二路859号,4K,1,lighthouse_pro_excel
永远的特里斯坦岛 (4K),永远的特里斯坦岛,2026-06-15,周一,18:30,20:01,91,70,CMG融媒影城,4号厅（4K激光）,龙文路19号1-4层,4K,1,lighthouse_pro_excel
积木人生,积木人生,2026-06-15,周一,18:30,19:47,77,70,CMG融媒影城,8号厅（杜比全景声CINITY）,龙文路19号1-4层,CINITY,0,lighthouse_pro_excel
传奇：演唱的猫王 (IMAX/4K),传奇：演唱的猫王,2026-06-15,周一,18:30,20:08,98,120,MOViE MOViE 影城（前滩太古里店）,激光IMAX厅,东育路500弄1-9号前滩太古里石区L3层S-L3-13,"IMAX/4K,IMAX,4K",1,lighthouse_pro_excel
时间之主 (4K),时间之主,2026-06-15,周一,18:30,19:50,80,70,SFC动漫主题影院（美罗城店）,4号厅,肇嘉浜路1111号美罗城5楼,4K,1,lighthouse_pro_excel
被遗忘的树之歌,被遗忘的树之歌,2026-06-15,周一,18:30,19:48,78,70,SFC上影百联影城（八佰伴IMAX店）,2号厅,张杨路501号10楼,,0,lighthouse_pro_excel
木瓜行纪,木瓜行纪,2026-06-15,周一,18:30,19:44,74,70,SFC上影影城（丁香路LUXE店）,5号LUXE巨幕厅,丁香路858号丁香国际三楼,LUXE,0,lighthouse_pro_excel
滚石乐队 至臻现场 (IMAX/4K),滚石乐队 至臻现场,2026-06-15,周一,18:30,19:57,87,120,SFC上影影城（港汇永华IMAX激光店）,IMAX厅,虹桥路1号港汇广场6楼,"IMAX/4K,IMAX,4K",1,lighthouse_pro_excel
艾瑞丝的忧夏 (4K),艾瑞丝的忧夏,2026-06-15,周一,18:30,20:13,103,70,SFC上影影城（国华广场店）,1号LUXE巨幕厅,闸殷路1555号国华广场4楼,"4K,LUXE",1,lighthouse_pro_excel
网红宝贝我是谁 (4K),网红宝贝我是谁,2026-06-15,周一,18:30,20:09,99,70,SFC永华电影荟（世纪汇店）,CINITY2号厅,世纪大道1192号世纪汇广场5层022、6层 001号,"CINITY,4K",1,lighthouse_pro_excel
尼娜与萝扎,尼娜与萝扎,2026-06-15,周一,18:30,20:14,104,70,UME影城（上海新天地店）,ONYX LED 4K巨幕厅,兴业路123弄6-7号楼新天地时尚I座5楼（早10点之前与晚22点之后的顾客请从新天地时尚1马当路商场通道入口进入，祝您观影愉快！）,"4K,ONYX",1,lighthouse_pro_excel
埃里克·侯麦：少年心气,埃里克·侯麦：少年心气,2026-06-15,周一,18:30,19:30,60,70,佰映三克映画,LUXE厅,江宁路699号B1-60B,LUXE,0,lighthouse_pro_excel
怦然心动,怦然心动,2026-06-15,周一,18:30,20:00,90,90,曹杨影城,1号4K激光厅,兰溪路125号2楼,4K,1,lighthouse_pro_excel
她的时光机 (4K),她的时光机,2026-06-15,周一,18:30,19:43,73,70,朵云轩杜比全景声影城,1号厅,天钥桥路1188号5楼,4K,1,lighthouse_pro_excel
姐，上马,姐，上马,2026-06-15,周一,18:30,20:05,95,70,国泰电影院,2号厅,淮海中路870号,,0,lighthouse_pro_excel
小戒指,小戒指,2026-06-15,周一,18:30,20:03,93,70,和平影都,二楼8号激光巨幕厅,西藏中路290号,,0,lighthouse_pro_excel
泡泡糖女孩,泡泡糖女孩,2026-06-15,周一,18:30,20:10,100,70,和平影都,五楼杜比全景声厅,西藏中路290号,,0,lighthouse_pro_excel
天堂的孩子,天堂的孩子,2026-06-15,周一,18:30,21:40,190,110,沪东工人文化宫东宫影剧院,1号厅,平凉路1500号(近宁国路),,0,lighthouse_pro_excel
忘梦洞 (IMAX 3D/4K),忘梦洞,2026-06-15,周一,18:30,20:03,93,110,寰映影城（大融城店）,1号IMAX厅,沪太路1111弄10号3层L328室,"IMAX,4K,3D",1,lighthouse_pro_excel
居巢,居巢,2026-06-15,周一,18:30,20:16,106,70,黄浦剧场,中剧场,上海市北京东路780号（近贵州路）,,0,lighthouse_pro_excel
我是布莱克,我是布莱克,2026-06-15,周一,18:30,20:11,101,50,嘉定影剧院,3号厅,城中路149号,,0,lighthouse_pro_excel
家庭生活,家庭生活,2026-06-15,周一,18:30,20:19,109,70,久事·上海商城剧院,剧院正厅,南京西路1376号上海商城4楼,,0,lighthouse_pro_excel
我们是伯利恒 (4K),我们是伯利恒,2026-06-15,周一,18:30,20:18,108,70,兰心大戏院,观众厅,茂名南路57号,4K,1,lighthouse_pro_excel
浪浪山小妖怪,浪浪山小妖怪,2026-06-15,周一,18:30,20:29,119,30,临港演艺中心,1号厅,中国（上海）自由贸易试验区临港新片区顶科路200号,,0,lighthouse_pro_excel
圣玛丽矿镇谜案,圣玛丽矿镇谜案,2026-06-15,周一,18:30,19:57,87,70,上海百丽宫影城（长宁来福士店）,3号厅,长宁路1123号七层701-703,,0,lighthouse_pro_excel
钨 (4K),钨,2026-06-15,周一,18:30,20:12,102,70,上海百丽宫影城（长宁来福士店）,LUXE厅,长宁路1123号七层701-703,"4K,LUXE",1,lighthouse_pro_excel
巴山夜雨,巴山夜雨,2026-06-15,周一,18:30,19:54,84,60,上海百丽宫影城（环贸iapm店）,6号厅,淮海中路999号L6-601,,0,lighthouse_pro_excel
暗流低语 (4K),暗流低语,2026-06-15,周一,18:30,20:04,94,70,上海百丽宫影城（陆家嘴中心店）,LUXE厅,浦东南路899号L+MALL商场10层（2号线东昌路、9号线商城路）,"4K,LUXE",1,lighthouse_pro_excel
镜的第三乐章 (4K),镜的第三乐章,2026-06-15,周一,18:30,19:57,87,70,上海百丽宫影城（万象城店）,CINITY LUXE巨幕厅,吴中路1599号L501商铺,"CINITY,4K,LUXE",1,lighthouse_pro_excel
戴珍珠耳环的少女,戴珍珠耳环的少女,2026-06-15,周一,18:30,20:07,97,90,上海大光明电影院,1号LUXE厅,南京西路216号,LUXE,0,lighthouse_pro_excel
日光之下 (4K),日光之下,2026-06-15,周一,18:30,20:16,106,70,上海大光明电影院,2号厅,南京西路216号,4K,1,lighthouse_pro_excel
一个夜晚与三个夏天,一个夜晚与三个夏天,2026-06-15,周一,18:30,20:10,100,70,上海大光明电影院,3号厅,南京西路216号,,0,lighthouse_pro_excel
请记得我,请记得我,2026-06-15,周一,18:30,19:48,78,70,上海科技影城,3号厅,南昌路59号1-3F,,0,lighthouse_pro_excel
爸妈不在家,爸妈不在家,2026-06-15,周一,18:30,20:10,100,70,上海市沪北电影院,1号厅,洛川东路500号,,0,lighthouse_pro_excel
安妮·霍尔 (4K),安妮·霍尔,2026-06-15,周一,18:30,20:04,94,90,上海艺海剧院,大剧场,江宁路466号,4K,1,lighthouse_pro_excel
黄河绝恋,黄河绝恋,2026-06-15,周一,18:30,20:21,111,60,上海影城SHO,9号厅REALD CINEMA,新华路160号,,0,lighthouse_pro_excel
母亲,母亲,2026-06-15,周一,18:30,19:58,88,70,天山电影院-虹桥艺术中心旗舰店,4号厅,天山路888号,,0,lighthouse_pro_excel
伴我同行 (4K),伴我同行,2026-06-15,周一,18:30,19:59,89,90,天山电影院-虹桥艺术中心旗舰店,剧院厅,天山路888号,4K,1,lighthouse_pro_excel
刀马旦 (4K),刀马旦,2026-06-15,周一,18:30,20:16,106,90,星轶STARX影剧院（上海宝山日月光店）,5号厅,上海市宝山区沪太路1933号【K】区2层202,4K,1,lighthouse_pro_excel
本影行动 (XR),本影行动,2026-06-15,周一,19:00,19:57,57,70,佰映三克映画,2号ScreeningRoom厅,江宁路699号B1-60B,XR,0,lighthouse_pro_excel
张杰 未?LIVE -「开往1982」世界巡回演唱会北京鸟巢站 (XR),张杰 未?LIVE -「开往1982」世界巡回演唱会北京鸟巢站,2026-06-15,周一,20:30,21:10,40,70,佰映三克映画,2号ScreeningRoom厅,江宁路699号B1-60B,XR,0,lighthouse_pro_excel
沙之城市 (4K),沙之城市,2026-06-15,周一,20:40,22:19,99,80,CMG融媒影城,4号厅（4K激光）,龙文路19号1-4层,4K,1,lighthouse_pro_excel
第四幕,第四幕,2026-06-15,周一,20:40,22:33,113,70,CMG融媒影城,8号厅（杜比全景声CINITY）,龙文路19号1-4层,CINITY,0,lighthouse_pro_excel
甘达星人 (4K),甘达星人,2026-06-15,周一,20:40,22:04,84,70,SFC动漫主题影院（美罗城店）,4号厅,肇嘉浜路1111号美罗城5楼,4K,1,lighthouse_pro_excel
球迷,球迷,2026-06-15,周一,20:40,22:07,87,70,SFC上影百联影城（八佰伴IMAX店）,2号厅,张杨路501号10楼,,0,lighthouse_pro_excel
轮迹浮生,轮迹浮生,2026-06-15,周一,20:40,22:01,81,70,SFC上影影城（丁香路LUXE店）,5号LUXE巨幕厅,丁香路858号丁香国际三楼,LUXE,0,lighthouse_pro_excel
小芭舒 (4K),小芭舒,2026-06-15,周一,20:40,22:42,122,80,SFC上影影城（港汇永华IMAX激光店）,ONYX LED厅,虹桥路1号港汇广场6楼,"4K,ONYX",1,lighthouse_pro_excel
礼拜天 (4K),礼拜天,2026-06-15,周一,20:40,22:37,117,70,SFC上影影城（国华广场店）,1号LUXE巨幕厅,闸殷路1555号国华广场4楼,"4K,LUXE",1,lighthouse_pro_excel
吉尔吉斯少年行,吉尔吉斯少年行,2026-06-15,周一,20:40,21:58,78,70,SFC永华电影荟（世纪汇店）,CINITY2号厅,世纪大道1192号世纪汇广场5层022、6层 001号,CINITY,0,lighthouse_pro_excel
梦想情景,梦想情景,2026-06-15,周一,20:40,22:22,102,70,UME影城（上海新天地店）,ONYX LED 4K巨幕厅,兴业路123弄6-7号楼新天地时尚I座5楼（早10点之前与晚22点之后的顾客请从新天地时尚1马当路商场通道入口进入，祝您观影愉快！）,"4K,ONYX",1,lighthouse_pro_excel
星辰时刻,星辰时刻,2026-06-15,周一,20:40,22:18,98,70,佰映三克映画,LUXE厅,江宁路699号B1-60B,LUXE,0,lighthouse_pro_excel
电视台风云 (4K),电视台风云,2026-06-15,周一,20:40,22:42,122,90,曹杨影城,1号4K激光厅,兰溪路125号2楼,4K,1,lighthouse_pro_excel
四个春天,四个春天,2026-06-15,周一,20:40,22:26,106,60,朵云轩杜比全景声影城,1号厅,天钥桥路1188号5楼,,0,lighthouse_pro_excel
金多宝,金多宝,2026-06-15,周一,20:40,22:52,132,70,国泰电影院,2号厅,淮海中路870号,,0,lighthouse_pro_excel
小小得月楼,小小得月楼,2026-06-15,周一,20:40,22:14,94,60,和平影都,二楼8号激光巨幕厅,西藏中路290号,,0,lighthouse_pro_excel
蔷薇修剪术 (4K),蔷薇修剪术,2026-06-15,周一,20:40,22:15,95,70,和平影都,五楼杜比全景声厅,西藏中路290号,4K,1,lighthouse_pro_excel
秋天年鉴,秋天年鉴,2026-06-15,周一,20:40,22:41,121,70,黄浦剧场,中剧场,上海市北京东路780号（近贵州路）,,0,lighthouse_pro_excel
乱点鸳鸯谱 (4K),乱点鸳鸯谱,2026-06-15,周一,20:40,22:45,125,90,久事·上海商城剧院,剧院正厅,南京西路1376号上海商城4楼,4K,1,lighthouse_pro_excel
老橡树酒馆,老橡树酒馆,2026-06-15,周一,20:40,22:33,113,70,兰心大戏院,观众厅,茂名南路57号,,0,lighthouse_pro_excel
南非沙漠惊魂记 (4K),南非沙漠惊魂记,2026-06-15,周一,20:40,22:26,106,70,上海百丽宫影城（长宁来福士店）,3号厅,长宁路1123号七层701-703,4K,1,lighthouse_pro_excel
罗伯托·罗西里尼：即兴人生,罗伯托·罗西里尼：即兴人生,2026-06-15,周一,20:40,22:07,87,70,上海百丽宫影城（长宁来福士店）,LUXE厅,长宁路1123号七层701-703,LUXE,0,lighthouse_pro_excel
蒙比公主的回忆 (4K),蒙比公主的回忆,2026-06-15,周一,20:40,22:01,81,70,上海百丽宫影城（环贸iapm店）,6号厅,淮海中路999号L6-601,4K,1,lighthouse_pro_excel
短片精选集3,短片精选集3,2026-06-15,周一,20:40,22:18,98,70,上海百丽宫影城（陆家嘴中心店）,LUXE厅,浦东南路899号L+MALL商场10层（2号线东昌路、9号线商城路）,LUXE,0,lighthouse_pro_excel
137号案件,137号案件,2026-06-15,周一,20:40,22:37,117,70,上海百丽宫影城（万象城店）,CINITY LUXE巨幕厅,吴中路1599号L501商铺,"CINITY,LUXE",0,lighthouse_pro_excel
UFO离奇命案,UFO离奇命案,2026-06-15,周一,20:40,22:07,87,70,上海百美汇影城（静安嘉里中心店）,4K激光1号厅,南京西路1551号嘉里中心N4-01,4K,1,lighthouse_pro_excel
玛戈王后 (4K),玛戈王后,2026-06-15,周一,20:40,23:19,159,110,上海大光明电影院,1号LUXE厅,南京西路216号,"4K,LUXE",1,lighthouse_pro_excel
珠峰黑暗 (4K),珠峰黑暗,2026-06-15,周一,20:40,22:10,90,70,上海大光明电影院,2号厅,南京西路216号,4K,1,lighthouse_pro_excel
一个和八个,一个和八个,2026-06-15,周一,20:40,22:11,91,60,上海大光明电影院,3号厅,南京西路216号,,0,lighthouse_pro_excel
她回来的那天,她回来的那天,2026-06-15,周一,20:40,22:05,85,70,上海科技影城,3号厅,南昌路59号1-3F,,0,lighthouse_pro_excel
看得见风景的房间 (4K),看得见风景的房间,2026-06-15,周一,20:40,22:38,118,90,上海市沪北电影院,1号厅,洛川东路500号,4K,1,lighthouse_pro_excel
凯德警长 (4K),凯德警长,2026-06-15,周一,20:40,22:54,134,90,上海艺海剧院,大剧场,江宁路466号,4K,1,lighthouse_pro_excel
甘泉玛侬 (4K),甘泉玛侬,2026-06-15,周一,20:40,22:34,114,90,上海影城SHO,1号厅杜比剧场,新华路160号,4K,1,lighthouse_pro_excel
哈莉玛,哈莉玛,2026-06-15,周一,20:40,22:05,85,70,上海影城SHO,2号厅Onyx,新华路160号,ONYX,0,lighthouse_pro_excel
尤妮的婚途,尤妮的婚途,2026-06-15,周一,20:40,22:16,96,70,上海影城SHO,3号厅CINITY,新华路160号,CINITY,0,lighthouse_pro_excel
刘三姐,刘三姐,2026-06-15,周一,20:40,22:39,119,60,上海影城SHO,9号厅REALD CINEMA,新华路160号,,0,lighthouse_pro_excel
起程之日 (4K),起程之日,2026-06-15,周一,20:40,22:17,97,70,世纪友谊影城（LUXE南方商城店）,6号厅,沪闵路7250号百联南方二期9楼，万源路侧门电梯可直达,4K,1,lighthouse_pro_excel
小洞天,小洞天,2026-06-15,周一,20:40,22:27,107,70,天山电影院-虹桥艺术中心旗舰店,4号厅,天山路888号,,0,lighthouse_pro_excel
离开拉斯维加斯 (4K),离开拉斯维加斯,2026-06-15,周一,20:40,22:33,113,90,天山电影院-虹桥艺术中心旗舰店,剧院厅,天山路888号,4K,1,lighthouse_pro_excel
魔女嘉莉 (4K),魔女嘉莉,2026-06-15,周一,20:40,22:18,98,90,天山电影院-宛平剧院影城,1号厅,上海市徐汇区中山南二路859号,4K,1,lighthouse_pro_excel
晚餐,晚餐,2026-06-15,周一,20:40,22:27,107,70,星轶STARX影剧院（上海宝山日月光店）,5号厅,上海市宝山区沪太路1933号【K】区2层202,,0,lighthouse_pro_excel
核,核,2026-06-15,周一,21:00,22:39,99,70,CGV影城(白玉兰广场IMAX店),激光8号厅,东长治路588号上海白玉兰广场商业裙房3层11号铺位（东长治路近新建路）,,0,lighthouse_pro_excel
接近终点 (4K),接近终点,2026-06-16,周二,10:00,11:55,115,70,曹杨影城,1号4K激光厅,兰溪路125号2楼,4K,1,lighthouse_pro_excel
新凯旋门,新凯旋门,2026-06-16,周二,10:30,12:17,107,70,上海影城SHO,3号厅CINITY,新华路160号,CINITY,0,lighthouse_pro_excel
杀手蝴蝶梦 (4K),杀手蝴蝶梦,2026-06-16,周二,10:30,12:01,91,80,天山电影院-虹桥艺术中心旗舰店,剧院厅,天山路888号,4K,1,lighthouse_pro_excel
走出非洲 (4K),走出非洲,2026-06-16,周二,12:00,14:41,161,100,上海影城SHO,1号厅杜比剧场,新华路160号,4K,1,lighthouse_pro_excel
现实回望 (XR),现实回望,2026-06-16,周二,12:30,12:51,21,70,佰映三克映画,2号ScreeningRoom厅,江宁路699号B1-60B,XR,0,lighthouse_pro_excel
爱情是狗娘 (4K),爱情是狗娘,2026-06-16,周二,12:30,15:05,155,110,曹杨影城,1号4K激光厅,兰溪路125号2楼,4K,1,lighthouse_pro_excel
凯德警长 (4K),凯德警长,2026-06-16,周二,12:30,14:44,134,90,和平影都,五楼杜比全景声厅,西藏中路290号,4K,1,lighthouse_pro_excel
战火,战火,2026-06-16,周二,12:30,14:36,126,70,天山电影院-虹桥艺术中心旗舰店,4号厅,天山路888号,,0,lighthouse_pro_excel
飞越疯人院（4K）,飞越疯人院,2026-06-16,周二,12:30,14:45,135,90,天山电影院-宛平剧院影城,1号厅,上海市徐汇区中山南二路859号,4K,1,lighthouse_pro_excel
永远的特里斯坦岛 (4K),永远的特里斯坦岛,2026-06-16,周二,13:00,14:31,91,70,朵云轩杜比全景声影城,1号厅,天钥桥路1188号5楼,4K,1,lighthouse_pro_excel
屋顶,屋顶,2026-06-16,周二,13:00,14:38,98,70,久事·上海商城剧院,剧院正厅,南京西路1376号上海商城4楼,,0,lighthouse_pro_excel
母亲,母亲,2026-06-16,周二,13:00,14:28,88,70,兰心大戏院,观众厅,茂名南路57号,,0,lighthouse_pro_excel
刀马旦 (4K),刀马旦,2026-06-16,周二,13:00,14:46,106,90,上海百丽宫影城（万象城店）,CINITY LUXE巨幕厅,吴中路1599号L501商铺,"CINITY,4K,LUXE",1,lighthouse_pro_excel
南国再见，南国 (4K),南国再见，南国,2026-06-16,周二,13:00,14:53,113,90,上海大光明电影院,1号LUXE厅,南京西路216号,"4K,LUXE",1,lighthouse_pro_excel
安妮·霍尔 (4K),安妮·霍尔,2026-06-16,周二,13:00,14:34,94,90,上海美琪大戏院,观众厅,江宁路66号,4K,1,lighthouse_pro_excel
战栗空间 (4K),战栗空间,2026-06-16,周二,13:00,14:52,112,90,上海艺海剧院,大剧场,江宁路466号,4K,1,lighthouse_pro_excel
对不起，我们错过了你,对不起，我们错过了你,2026-06-16,周二,13:00,14:42,102,70,上海影城SHO,2号厅Onyx,新华路160号,ONYX,0,lighthouse_pro_excel
无罪的巫师,无罪的巫师,2026-06-16,周二,13:00,14:28,88,70,上海影城SHO,3号厅CINITY,新华路160号,CINITY,0,lighthouse_pro_excel
父母姐弟 (4K),父母姐弟,2026-06-16,周二,13:00,14:51,111,80,天山电影院-虹桥艺术中心旗舰店,剧院厅,天山路888号,4K,1,lighthouse_pro_excel
现实回望 (XR),现实回望,2026-06-16,周二,13:30,13:51,21,70,佰映三克映画,2号ScreeningRoom厅,江宁路699号B1-60B,XR,0,lighthouse_pro_excel
现实回望 (XR),现实回望,2026-06-16,周二,14:30,14:51,21,70,佰映三克映画,2号ScreeningRoom厅,江宁路699号B1-60B,XR,0,lighthouse_pro_excel
我最后的家宴,我最后的家宴,2026-06-16,周二,15:00,16:56,116,70,上海影城SHO,3号厅CINITY,新华路160号,CINITY,0,lighthouse_pro_excel
纽约，纽约 (4K),纽约，纽约,2026-06-16,周二,15:00,17:44,164,100,天山电影院-虹桥艺术中心旗舰店,4号厅,天山路888号,4K,1,lighthouse_pro_excel
阿马德欧与假设的新世界,阿马德欧与假设的新世界,2026-06-16,周二,15:30,17:15,105,70,SFC动漫主题影院（美罗城店）,4号厅,肇嘉浜路1111号美罗城5楼,,0,lighthouse_pro_excel
我们不是陌生人,我们不是陌生人,2026-06-16,周二,15:30,18:08,158,80,UME影城（上海新天地店）,ONYX LED 4K巨幕厅,兴业路123弄6-7号楼新天地时尚I座5楼（早10点之前与晚22点之后的顾客请从新天地时尚1马当路商场通道入口进入，祝您观影愉快！）,"4K,ONYX",1,lighthouse_pro_excel
现实回望 (XR),现实回望,2026-06-16,周二,15:30,15:51,21,70,佰映三克映画,2号ScreeningRoom厅,江宁路699号B1-60B,XR,0,lighthouse_pro_excel
亦吾亦舞,亦吾亦舞,2026-06-16,周二,15:30,17:36,126,70,曹杨影城,1号4K激光厅,兰溪路125号2楼,4K,1,lighthouse_pro_excel
重制 (4K),重制,2026-06-16,周二,15:30,17:27,117,70,朵云轩杜比全景声影城,1号厅,天钥桥路1188号5楼,4K,1,lighthouse_pro_excel
老橡树酒馆,老橡树酒馆,2026-06-16,周二,15:30,17:23,113,70,国泰电影院,2号厅,淮海中路870号,,0,lighthouse_pro_excel
情迷亚历山大,情迷亚历山大,2026-06-16,周二,15:30,17:41,131,70,和平影都,五楼杜比全景声厅,西藏中路290号,,0,lighthouse_pro_excel
总统班底 (4K),总统班底,2026-06-16,周二,15:30,17:49,139,100,沪东工人文化宫东宫影剧院,1号厅,平凉路1500号(近宁国路),4K,1,lighthouse_pro_excel
马拉加街夕阳红,马拉加街夕阳红,2026-06-16,周二,15:30,17:27,117,70,黄浦剧场,中剧场,上海市北京东路780号（近贵州路）,,0,lighthouse_pro_excel
异乡人,异乡人,2026-06-16,周二,15:30,17:39,129,70,久事·上海商城剧院,剧院正厅,南京西路1376号上海商城4楼,,0,lighthouse_pro_excel
一代人,一代人,2026-06-16,周二,15:30,16:59,89,70,兰心大戏院,观众厅,茂名南路57号,,0,lighthouse_pro_excel
泡泡糖女孩,泡泡糖女孩,2026-06-16,周二,15:30,17:10,100,70,上海百丽宫影城（长宁来福士店）,LUXE厅,长宁路1123号七层701-703,LUXE,0,lighthouse_pro_excel
礼拜天 (4K),礼拜天,2026-06-16,周二,15:30,17:27,117,70,上海百丽宫影城（环贸iapm店）,6号厅,淮海中路999号L6-601,4K,1,lighthouse_pro_excel
血色机库 (4K),血色机库,2026-06-16,周二,15:30,16:53,83,70,上海百丽宫影城（陆家嘴中心店）,LUXE厅,浦东南路899号L+MALL商场10层（2号线东昌路、9号线商城路）,"4K,LUXE",1,lighthouse_pro_excel
扣篮梦工厂 (4K),扣篮梦工厂,2026-06-16,周二,15:30,17:36,126,70,上海百丽宫影城（万象城店）,CINITY LUXE巨幕厅,吴中路1599号L501商铺,"CINITY,4K,LUXE",1,lighthouse_pro_excel
好人寥寥 (4K),好人寥寥,2026-06-16,周二,15:30,17:48,138,100,上海大光明电影院,1号LUXE厅,南京西路216号,"4K,LUXE",1,lighthouse_pro_excel
无人看见的夜晚,无人看见的夜晚,2026-06-16,周二,15:30,17:01,91,70,上海大光明电影院,2号厅,南京西路216号,,0,lighthouse_pro_excel
骗中骗 (4K),骗中骗,2026-06-16,周二,15:30,17:39,129,90,上海美琪大戏院,观众厅,江宁路66号,4K,1,lighthouse_pro_excel
茫然女王 (4K),茫然女王,2026-06-16,周二,15:30,17:32,122,90,上海市沪北电影院,1号厅,洛川东路500号,4K,1,lighthouse_pro_excel
搜索者（4K）,搜索者,2026-06-16,周二,15:30,17:29,119,80,上海艺海剧院,大剧场,江宁路466号,4K,1,lighthouse_pro_excel
纽伦堡 (4K),纽伦堡,2026-06-16,周二,15:30,17:59,149,90,上海影城SHO,1号厅杜比剧场,新华路160号,4K,1,lighthouse_pro_excel
奥林匹斯的先驱,奥林匹斯的先驱,2026-06-16,周二,15:30,17:17,107,70,上海影城SHO,2号厅Onyx,新华路160号,ONYX,0,lighthouse_pro_excel
人工智能,人工智能,2026-06-16,周二,15:30,17:56,146,100,天山电影院-虹桥艺术中心旗舰店,剧院厅,天山路888号,,0,lighthouse_pro_excel
桃色公寓 (4K),桃色公寓,2026-06-16,周二,15:30,17:36,126,90,天山电影院-宛平剧院影城,1号厅,上海市徐汇区中山南二路859号,4K,1,lighthouse_pro_excel
现实回望 (XR),现实回望,2026-06-16,周二,16:30,16:51,21,70,佰映三克映画,2号ScreeningRoom厅,江宁路699号B1-60B,XR,0,lighthouse_pro_excel
匠心罪案：丽兹·波顿宅邸谋杀案 (XR),匠心罪案：丽兹·波顿宅邸谋杀案,2026-06-16,周二,17:00,17:20,20,70,佰映三克映画,5号厅,江宁路699号B1-60B,XR,0,lighthouse_pro_excel
现实回望 (XR),现实回望,2026-06-16,周二,17:30,17:51,21,70,佰映三克映画,2号ScreeningRoom厅,江宁路699号B1-60B,XR,0,lighthouse_pro_excel
燃烧吧！爸爸,燃烧吧！爸爸,2026-06-16,周二,18:00,19:43,103,70,CGV影城(白玉兰广场IMAX店),激光8号厅,东长治路588号上海白玉兰广场商业裙房3层11号铺位（东长治路近新建路）,,0,lighthouse_pro_excel
艾瑞丝的忧夏 (4K),艾瑞丝的忧夏,2026-06-16,周二,18:00,19:43,103,70,上海百丽宫影城（陆家嘴中心店）,LUXE厅,浦东南路899号L+MALL商场10层（2号线东昌路、9号线商城路）,"4K,LUXE",1,lighthouse_pro_excel
鹈鹕的故事,鹈鹕的故事,2026-06-16,周二,18:00,19:29,89,70,上海百美汇影城（静安嘉里中心店）,4K激光1号厅,南京西路1551号嘉里中心N4-01,4K,1,lighthouse_pro_excel
恋恋山城 (4K),恋恋山城,2026-06-16,周二,18:00,20:02,122,90,上海艺海剧院,大剧场,江宁路466号,4K,1,lighthouse_pro_excel
前路无光,前路无光,2026-06-16,周二,18:00,19:30,90,70,上海影城SHO,2号厅Onyx,新华路160号,ONYX,0,lighthouse_pro_excel
车位,车位,2026-06-16,周二,18:00,19:25,85,70,上海影城SHO,3号厅CINITY,新华路160号,CINITY,0,lighthouse_pro_excel
五战挂科钉牌王 (4K),五战挂科钉牌王,2026-06-16,周二,18:00,19:54,114,80,星轶STARX影剧院（上海宝山日月光店）,5号厅,上海市宝山区沪太路1933号【K】区2层202,4K,1,lighthouse_pro_excel
好女儿,好女儿,2026-06-16,周二,18:30,20:13,103,70,CMG融媒影城,4号厅（4K激光）,龙文路19号1-4层,4K,1,lighthouse_pro_excel
暗流低语 (4K),暗流低语,2026-06-16,周二,18:30,20:04,94,70,CMG融媒影城,8号厅（杜比全景声CINITY）,龙文路19号1-4层,"CINITY,4K",1,lighthouse_pro_excel
泡泡骑士珍宝,泡泡骑士珍宝,2026-06-16,周二,18:30,20:12,102,70,SFC动漫主题影院（美罗城店）,4号厅,肇嘉浜路1111号美罗城5楼,,0,lighthouse_pro_excel
核,核,2026-06-16,周二,18:30,20:09,99,70,SFC上影百联影城（八佰伴IMAX店）,2号厅,张杨路501号10楼,,0,lighthouse_pro_excel
最后之熊,最后之熊,2026-06-16,周二,18:30,20:05,95,70,SFC上影影城（丁香路LUXE店）,5号LUXE巨幕厅,丁香路858号丁香国际三楼,LUXE,0,lighthouse_pro_excel
忘梦洞 (IMAX 3D/4K),忘梦洞,2026-06-16,周二,18:30,20:03,93,110,SFC上影影城（港汇永华IMAX激光店）,IMAX厅,虹桥路1号港汇广场6楼,"IMAX,4K,3D",1,lighthouse_pro_excel
晚餐,晚餐,2026-06-16,周二,18:30,20:17,107,70,SFC上影影城（港汇永华IMAX激光店）,ONYX LED厅,虹桥路1号港汇广场6楼,ONYX,0,lighthouse_pro_excel
发纸水谣,发纸水谣,2026-06-16,周二,18:30,19:42,72,70,SFC上影影城（国华广场店）,1号LUXE巨幕厅,闸殷路1555号国华广场4楼,LUXE,0,lighthouse_pro_excel
南非沙漠惊魂记 (4K),南非沙漠惊魂记,2026-06-16,周二,18:30,20:16,106,70,SFC永华电影荟（世纪汇店）,CINITY2号厅,世纪大道1192号世纪汇广场5层022、6层 001号,"CINITY,4K",1,lighthouse_pro_excel
生日快乐,生日快乐,2026-06-16,周二,18:30,20:02,92,70,UME影城（上海新天地店）,ONYX LED 4K巨幕厅,兴业路123弄6-7号楼新天地时尚I座5楼（早10点之前与晚22点之后的顾客请从新天地时尚1马当路商场通道入口进入，祝您观影愉快！）,"4K,ONYX",1,lighthouse_pro_excel
现实回望 (XR),现实回望,2026-06-16,周二,18:30,18:51,21,70,佰映三克映画,2号ScreeningRoom厅,江宁路699号B1-60B,XR,0,lighthouse_pro_excel
匠心罪案：仙境谋杀案 (XR),匠心罪案：仙境谋杀案,2026-06-16,周二,18:30,18:50,20,70,佰映三克映画,5号厅,江宁路699号B1-60B,XR,0,lighthouse_pro_excel
大地双星,大地双星,2026-06-16,周二,18:30,19:57,87,70,佰映三克映画,LUXE厅,江宁路699号B1-60B,LUXE,0,lighthouse_pro_excel
寻找薇薇安·迈尔,寻找薇薇安·迈尔,2026-06-16,周二,18:30,19:54,84,80,曹杨影城,1号4K激光厅,兰溪路125号2楼,4K,1,lighthouse_pro_excel
废墟之上,废墟之上,2026-06-16,周二,18:30,19:48,78,70,朵云轩杜比全景声影城,1号厅,天钥桥路1188号5楼,,0,lighthouse_pro_excel
一个部门的诞生,一个部门的诞生,2026-06-16,周二,18:30,20:19,109,70,国泰电影院,2号厅,淮海中路870号,,0,lighthouse_pro_excel
恶搞大片 (4K),恶搞大片,2026-06-16,周二,18:30,20:00,90,70,和平影都,二楼8号激光巨幕厅,西藏中路290号,4K,1,lighthouse_pro_excel
我理解您的不满,我理解您的不满,2026-06-16,周二,18:30,20:03,93,70,和平影都,五楼杜比全景声厅,西藏中路290号,,0,lighthouse_pro_excel
罪与罚,罪与罚,2026-06-16,周二,18:30,20:04,94,80,沪东工人文化宫东宫影剧院,1号厅,平凉路1500号(近宁国路),,0,lighthouse_pro_excel
滚石乐队 至臻现场 (IMAX/4K),滚石乐队 至臻现场,2026-06-16,周二,18:30,19:57,87,120,寰映影城（大融城店）,1号IMAX厅,沪太路1111弄10号3层L328室,"IMAX/4K,IMAX,4K",1,lighthouse_pro_excel
双重人格,双重人格,2026-06-16,周二,18:30,20:03,93,80,黄浦剧场,中剧场,上海市北京东路780号（近贵州路）,,0,lighthouse_pro_excel
球迷,球迷,2026-06-16,周二,18:30,19:57,87,50,嘉定影剧院,3号厅,城中路149号,,0,lighthouse_pro_excel
总统的蛋糕 (4K),总统的蛋糕,2026-06-16,周二,18:30,20:16,106,70,久事·上海商城剧院,剧院正厅,南京西路1376号上海商城4楼,4K,1,lighthouse_pro_excel
下水道,下水道,2026-06-16,周二,18:30,20:07,97,70,兰心大戏院,观众厅,茂名南路57号,,0,lighthouse_pro_excel
短片精选集1,短片精选集1,2026-06-16,周二,18:30,19:58,88,30,临港演艺中心,1号厅,中国（上海）自由贸易试验区临港新片区顶科路200号,,0,lighthouse_pro_excel
黄河绝恋,黄河绝恋,2026-06-16,周二,18:30,20:21,111,60,上海百丽宫影城（长宁来福士店）,3号厅,长宁路1123号七层701-703,,0,lighthouse_pro_excel
起程之日 (4K),起程之日,2026-06-16,周二,18:30,20:07,97,70,上海百丽宫影城（长宁来福士店）,LUXE厅,长宁路1123号七层701-703,"4K,LUXE",1,lighthouse_pro_excel
梦中花园,梦中花园,2026-06-16,周二,18:30,20:13,103,70,上海百丽宫影城（环贸iapm店）,6号厅,淮海中路999号L6-601,,0,lighthouse_pro_excel
绚烂一刻 (4K),绚烂一刻,2026-06-16,周二,18:30,20:13,103,70,上海百丽宫影城（万象城店）,CINITY LUXE巨幕厅,吴中路1599号L501商铺,"CINITY,4K,LUXE",1,lighthouse_pro_excel
折翼母亲,折翼母亲,2026-06-16,周二,18:30,20:13,103,70,上海大光明电影院,1号LUXE厅,南京西路216号,LUXE,0,lighthouse_pro_excel
阿诗玛 （4K）,阿诗玛,2026-06-16,周二,18:30,20:01,91,70,上海大光明电影院,2号厅,南京西路216号,4K,1,lighthouse_pro_excel
小小得月楼,小小得月楼,2026-06-16,周二,18:30,20:04,94,60,上海大光明电影院,3号厅,南京西路216号,,0,lighthouse_pro_excel
失重,失重,2026-06-16,周二,18:30,20:08,98,70,上海科技影城,3号厅,南昌路59号1-3F,,0,lighthouse_pro_excel
遗愿清单,遗愿清单,2026-06-16,周二,18:30,20:07,97,90,上海美琪大戏院,观众厅,江宁路66号,,0,lighthouse_pro_excel
母鸡 (4K),母鸡,2026-06-16,周二,18:30,20:07,97,70,上海市沪北电影院,1号厅,洛川东路500号,4K,1,lighthouse_pro_excel
当哈利遇到莎莉 (4K),当哈利遇到莎莉,2026-06-16,周二,18:30,20:06,96,90,上海影城SHO,1号厅杜比剧场,新华路160号,4K,1,lighthouse_pro_excel
巴山夜雨,巴山夜雨,2026-06-16,周二,18:30,19:54,84,60,上海影城SHO,9号厅REALD CINEMA,新华路160号,,0,lighthouse_pro_excel
破碎的声线 (4K),破碎的声线,2026-06-16,周二,18:30,20:18,108,70,世纪友谊影城（LUXE南方商城店）,6号厅,沪闵路7250号百联南方二期9楼，万源路侧门电梯可直达,4K,1,lighthouse_pro_excel
温尼伯：希望的种子 (4K),温尼伯：希望的种子,2026-06-16,周二,18:30,19:52,82,70,天山电影院-虹桥艺术中心旗舰店,4号厅,天山路888号,4K,1,lighthouse_pro_excel
柏林艳史,柏林艳史,2026-06-16,周二,18:30,20:22,112,70,天山电影院-虹桥艺术中心旗舰店,剧院厅,天山路888号,,0,lighthouse_pro_excel
天堂的孩子,天堂的孩子,2026-06-16,周二,18:30,21:40,190,110,天山电影院-宛平剧院影城,1号厅,上海市徐汇区中山南二路859号,,0,lighthouse_pro_excel
现实回望 (XR),现实回望,2026-06-16,周二,19:30,19:51,21,70,佰映三克映画,2号ScreeningRoom厅,江宁路699号B1-60B,XR,0,lighthouse_pro_excel
匠心罪案：蒙娜丽莎劫案 (XR),匠心罪案：蒙娜丽莎劫案,2026-06-16,周二,20:00,20:20,20,70,佰映三克映画,5号厅,江宁路699号B1-60B,XR,0,lighthouse_pro_excel
现实回望 (XR),现实回望,2026-06-16,周二,20:30,20:51,21,70,佰映三克映画,2号ScreeningRoom厅,江宁路699号B1-60B,XR,0,lighthouse_pro_excel
父影之下,父影之下,2026-06-16,周二,20:40,22:13,93,70,CGV影城(白玉兰广场IMAX店),激光8号厅,东长治路588号上海白玉兰广场商业裙房3层11号铺位（东长治路近新建路）,,0,lighthouse_pro_excel
董夫人 (4K),董夫人,2026-06-16,周二,20:40,22:17,97,80,CMG融媒影城,4号厅（4K激光）,龙文路19号1-4层,4K,1,lighthouse_pro_excel
诅咒 (4K),诅咒,2026-06-16,周二,20:40,22:41,121,70,CMG融媒影城,8号厅（杜比全景声CINITY）,龙文路19号1-4层,"CINITY,4K",1,lighthouse_pro_excel
凶器 (IMAX/4K),凶器,2026-06-16,周二,20:40,22:50,130,110,MOViE MOViE 影城（前滩太古里店）,激光IMAX厅,东育路500弄1-9号前滩太古里石区L3层S-L3-13,"IMAX/4K,IMAX,4K",1,lighthouse_pro_excel
我住在凡尔赛的日子,我住在凡尔赛的日子,2026-06-16,周二,20:40,22:02,82,70,SFC动漫主题影院（美罗城店）,4号厅,肇嘉浜路1111号美罗城5楼,,0,lighthouse_pro_excel
德意志零年,德意志零年,2026-06-16,周二,20:40,21:54,74,70,SFC上影百联影城（八佰伴IMAX店）,2号厅,张杨路501号10楼,,0,lighthouse_pro_excel
圣诞女士竞选记,圣诞女士竞选记,2026-06-16,周二,20:40,22:16,96,70,SFC上影影城（丁香路LUXE店）,5号LUXE巨幕厅,丁香路858号丁香国际三楼,LUXE,0,lighthouse_pro_excel
金多宝,金多宝,2026-06-16,周二,20:40,22:52,132,70,SFC上影影城（港汇永华IMAX激光店）,ONYX LED厅,虹桥路1号港汇广场6楼,ONYX,0,lighthouse_pro_excel
危情蜻蜓 (4K),危情蜻蜓,2026-06-16,周二,20:40,22:19,99,70,SFC上影影城（国华广场店）,1号LUXE巨幕厅,闸殷路1555号国华广场4楼,"4K,LUXE",1,lighthouse_pro_excel
微笑村恐怖事件 (4K),微笑村恐怖事件,2026-06-16,周二,20:40,22:43,123,70,SFC永华电影荟（世纪汇店）,CINITY2号厅,世纪大道1192号世纪汇广场5层022、6层 001号,"CINITY,4K",1,lighthouse_pro_excel
星辰时刻,星辰时刻,2026-06-16,周二,20:40,22:18,98,70,UME影城（上海新天地店）,ONYX LED 4K巨幕厅,兴业路123弄6-7号楼新天地时尚I座5楼（早10点之前与晚22点之后的顾客请从新天地时尚1马当路商场通道入口进入，祝您观影愉快！）,"4K,ONYX",1,lighthouse_pro_excel
诈死,诈死,2026-06-16,周二,20:40,22:17,97,70,佰映三克映画,LUXE厅,江宁路699号B1-60B,LUXE,0,lighthouse_pro_excel
罗斯 (4K),罗斯,2026-06-16,周二,20:40,22:15,95,80,曹杨影城,1号4K激光厅,兰溪路125号2楼,4K,1,lighthouse_pro_excel
埃里克·侯麦：少年心气,埃里克·侯麦：少年心气,2026-06-16,周二,20:40,21:40,60,70,朵云轩杜比全景声影城,1号厅,天钥桥路1188号5楼,,0,lighthouse_pro_excel
海之子,海之子,2026-06-16,周二,20:40,21:58,78,70,国泰电影院,2号厅,淮海中路870号,,0,lighthouse_pro_excel
UFO离奇命案,UFO离奇命案,2026-06-16,周二,20:40,22:07,87,70,和平影都,二楼8号激光巨幕厅,西藏中路290号,,0,lighthouse_pro_excel
看得见风景的房间 (4K),看得见风景的房间,2026-06-16,周二,20:40,22:38,118,90,和平影都,五楼杜比全景声厅,西藏中路290号,4K,1,lighthouse_pro_excel
扒手,扒手,2026-06-16,周二,20:40,21:56,76,80,沪东工人文化宫东宫影剧院,1号厅,平凉路1500号(近宁国路),,0,lighthouse_pro_excel
宿敌,宿敌,2026-06-16,周二,20:40,22:11,91,70,黄浦剧场,中剧场,上海市北京东路780号（近贵州路）,,0,lighthouse_pro_excel
剧院魅影：25周年纪念演出,剧院魅影：25周年纪念演出,2026-06-16,周二,20:40,23:20,160,110,久事·上海商城剧院,剧院正厅,南京西路1376号上海商城4楼,,0,lighthouse_pro_excel
灰烬与钻石,灰烬与钻石,2026-06-16,周二,20:40,22:24,104,70,兰心大戏院,观众厅,茂名南路57号,,0,lighthouse_pro_excel
她们的狂想曲 (4K),她们的狂想曲,2026-06-16,周二,20:40,22:02,82,70,上海百丽宫影城（长宁来福士店）,3号厅,长宁路1123号七层701-703,4K,1,lighthouse_pro_excel
妈样年华,妈样年华,2026-06-16,周二,20:40,22:15,95,70,上海百丽宫影城（长宁来福士店）,LUXE厅,长宁路1123号七层701-703,LUXE,0,lighthouse_pro_excel
禁忌：埃贡?席勒,禁忌：埃贡?席勒,2026-06-16,周二,20:40,22:11,91,70,上海百丽宫影城（环贸iapm店）,6号厅,淮海中路999号L6-601,,0,lighthouse_pro_excel
一个悲伤而美丽的世界,一个悲伤而美丽的世界,2026-06-16,周二,20:40,22:30,110,70,上海百丽宫影城（陆家嘴中心店）,LUXE厅,浦东南路899号L+MALL商场10层（2号线东昌路、9号线商城路）,LUXE,0,lighthouse_pro_excel
看得见风景的房间 (4K),看得见风景的房间,2026-06-16,周二,20:40,22:38,118,90,上海百丽宫影城（万象城店）,CINITY LUXE巨幕厅,吴中路1599号L501商铺,"CINITY,4K,LUXE",1,lighthouse_pro_excel
局外人,局外人,2026-06-16,周二,20:40,22:42,122,80,上海百美汇影城（静安嘉里中心店）,4K激光1号厅,南京西路1551号嘉里中心N4-01,4K,1,lighthouse_pro_excel
恐怖分子,恐怖分子,2026-06-16,周二,20:40,22:32,112,70,上海大光明电影院,1号LUXE厅,南京西路216号,LUXE,0,lighthouse_pro_excel
苏霍 (4K),苏霍,2026-06-16,周二,20:40,22:48,128,70,上海大光明电影院,2号厅,南京西路216号,4K,1,lighthouse_pro_excel
小戒指,小戒指,2026-06-16,周二,20:40,22:13,93,70,上海大光明电影院,3号厅,南京西路216号,,0,lighthouse_pro_excel
我的喜悦夏天,我的喜悦夏天,2026-06-16,周二,20:40,22:13,93,70,上海科技影城,3号厅,南昌路59号1-3F,,0,lighthouse_pro_excel
玛戈王后 (4K),玛戈王后,2026-06-16,周二,20:40,23:19,159,110,上海美琪大戏院,观众厅,江宁路66号,4K,1,lighthouse_pro_excel
三级警戒 (4K),三级警戒,2026-06-16,周二,20:40,22:20,100,70,上海市沪北电影院,1号厅,洛川东路500号,4K,1,lighthouse_pro_excel
甘泉玛侬 (4K),甘泉玛侬,2026-06-16,周二,20:40,22:34,114,90,上海艺海剧院,大剧场,江宁路466号,4K,1,lighthouse_pro_excel
世界的主人,世界的主人,2026-06-16,周二,20:40,22:39,119,90,上海影城SHO,1号厅杜比剧场,新华路160号,,0,lighthouse_pro_excel
布玛,布玛,2026-06-16,周二,20:40,22:40,120,70,上海影城SHO,2号厅Onyx,新华路160号,ONYX,0,lighthouse_pro_excel
别担心，爸爸！,别担心，爸爸！,2026-06-16,周二,20:40,22:08,88,70,上海影城SHO,3号厅CINITY,新华路160号,CINITY,0,lighthouse_pro_excel
405谋杀案,405谋杀案,2026-06-16,周二,20:40,22:22,102,70,上海影城SHO,9号厅REALD CINEMA,新华路160号,,0,lighthouse_pro_excel
影院灵缘,影院灵缘,2026-06-16,周二,20:40,22:19,99,70,世纪友谊影城（LUXE南方商城店）,6号厅,沪闵路7250号百联南方二期9楼，万源路侧门电梯可直达,,0,lighthouse_pro_excel
黑色电话2 (4K),黑色电话2,2026-06-16,周二,20:40,22:34,114,70,天山电影院-虹桥艺术中心旗舰店,4号厅,天山路888号,4K,1,lighthouse_pro_excel
生活多美好 (4K),生活多美好,2026-06-16,周二,20:40,22:51,131,90,天山电影院-虹桥艺术中心旗舰店,剧院厅,天山路888号,4K,1,lighthouse_pro_excel
我是布莱克,我是布莱克,2026-06-16,周二,20:40,22:21,101,70,星轶STARX影剧院（上海宝山日月光店）,5号厅,上海市宝山区沪太路1933号【K】区2层202,,0,lighthouse_pro_excel
笼民 (4K),笼民,2026-06-17,周三,10:00,12:25,145,80,曹杨影城,1号4K激光厅,兰溪路125号2楼,4K,1,lighthouse_pro_excel
我们是伯利恒 (4K),我们是伯利恒,2026-06-17,周三,10:00,11:48,108,70,和平影都,五楼杜比全景声厅,西藏中路290号,4K,1,lighthouse_pro_excel
小孩与鹰,小孩与鹰,2026-06-17,周三,10:00,11:51,111,80,上海影城SHO,1号厅杜比剧场,新华路160号,,0,lighthouse_pro_excel
恐怖分子,恐怖分子,2026-06-17,周三,10:00,11:52,112,70,天山电影院-虹桥艺术中心旗舰店,剧院厅,天山路888号,,0,lighthouse_pro_excel
大河恋 (4K),大河恋,2026-06-17,周三,10:30,12:34,124,100,上海大光明电影院,1号LUXE厅,南京西路216号,"4K,LUXE",1,lighthouse_pro_excel
我是布莱克,我是布莱克,2026-06-17,周三,10:30,12:11,101,70,上海影城SHO,3号厅CINITY,新华路160号,CINITY,0,lighthouse_pro_excel
匠心罪案：丽兹·波顿宅邸谋杀案 (XR),匠心罪案：丽兹·波顿宅邸谋杀案,2026-06-17,周三,11:00,11:20,20,70,佰映三克映画,5号厅,江宁路699号B1-60B,XR,0,lighthouse_pro_excel
本影行动 (XR),本影行动,2026-06-17,周三,11:30,12:27,57,70,佰映三克映画,2号ScreeningRoom厅,江宁路699号B1-60B,XR,0,lighthouse_pro_excel
恩典 (4K),恩典,2026-06-17,周三,12:00,14:13,133,80,兰心大戏院,观众厅,茂名南路57号,4K,1,lighthouse_pro_excel
匠心罪案：丽兹·波顿宅邸谋杀案 (XR),匠心罪案：丽兹·波顿宅邸谋杀案,2026-06-17,周三,12:30,12:50,20,70,佰映三克映画,5号厅,江宁路699号B1-60B,XR,0,lighthouse_pro_excel
莫扎特传 (4K),莫扎特传,2026-06-17,周三,12:30,15:11,161,100,上海艺海剧院,大剧场,江宁路466号,4K,1,lighthouse_pro_excel
刀马旦 (4K),刀马旦,2026-06-17,周三,12:30,14:16,106,90,天山电影院-虹桥艺术中心旗舰店,4号厅,天山路888号,4K,1,lighthouse_pro_excel
剧院魅影：25周年纪念演出,剧院魅影：25周年纪念演出,2026-06-17,周三,12:30,15:10,160,110,天山电影院-虹桥艺术中心旗舰店,剧院厅,天山路888号,,0,lighthouse_pro_excel
特鲁瓦格罗餐厅 (4K),特鲁瓦格罗餐厅,2026-06-17,周三,13:00,17:00,240,140,曹杨影城,1号4K激光厅,兰溪路125号2楼,4K,1,lighthouse_pro_excel
百里挑一,百里挑一,2026-06-17,周三,13:00,14:43,103,70,朵云轩杜比全景声影城,1号厅,天钥桥路1188号5楼,,0,lighthouse_pro_excel
她回来的那天,她回来的那天,2026-06-17,周三,13:00,14:25,85,70,和平影都,五楼杜比全景声厅,西藏中路290号,,0,lighthouse_pro_excel
绚烂一刻 (4K),绚烂一刻,2026-06-17,周三,13:00,14:43,103,70,久事·上海商城剧院,剧院正厅,南京西路1376号上海商城4楼,4K,1,lighthouse_pro_excel
无名,无名,2026-06-17,周三,13:00,15:08,128,60,上海百丽宫影城（环贸iapm店）,6号厅,淮海中路999号L6-601,,0,lighthouse_pro_excel
杀手蝴蝶梦 (4K),杀手蝴蝶梦,2026-06-17,周三,13:00,14:31,91,80,上海百丽宫影城（万象城店）,CINITY LUXE巨幕厅,吴中路1599号L501商铺,"CINITY,4K,LUXE",1,lighthouse_pro_excel
伴我同行 (4K),伴我同行,2026-06-17,周三,13:00,14:29,89,90,上海大光明电影院,1号LUXE厅,南京西路216号,"4K,LUXE",1,lighthouse_pro_excel
接近终点 (4K),接近终点,2026-06-17,周三,13:00,14:55,115,70,上海美琪大戏院,观众厅,江宁路66号,4K,1,lighthouse_pro_excel
战栗空间 (4K),战栗空间,2026-06-17,周三,13:00,14:52,112,90,上海影城SHO,1号厅杜比剧场,新华路160号,4K,1,lighthouse_pro_excel
发纸水谣,发纸水谣,2026-06-17,周三,13:00,14:12,72,70,上海影城SHO,2号厅Onyx,新华路160号,ONYX,0,lighthouse_pro_excel
路易莎的沙漠 (4K),路易莎的沙漠,2026-06-17,周三,13:00,14:41,101,70,上海影城SHO,3号厅CINITY,新华路160号,"CINITY,4K",1,lighthouse_pro_excel
家庭生活,家庭生活,2026-06-17,周三,13:00,14:49,109,70,天山电影院-宛平剧院影城,1号厅,上海市徐汇区中山南二路859号,,0,lighthouse_pro_excel
本影行动 (XR),本影行动,2026-06-17,周三,13:30,14:27,57,70,佰映三克映画,2号ScreeningRoom厅,江宁路699号B1-60B,XR,0,lighthouse_pro_excel
匠心罪案：丽兹·波顿宅邸谋杀案 (XR),匠心罪案：丽兹·波顿宅邸谋杀案,2026-06-17,周三,14:00,14:20,20,70,佰映三克映画,5号厅,江宁路699号B1-60B,XR,0,lighthouse_pro_excel
福地,福地,2026-06-17,周三,15:00,17:50,170,90,兰心大戏院,观众厅,茂名南路57号,,0,lighthouse_pro_excel
浪浪山小妖怪,浪浪山小妖怪,2026-06-17,周三,15:30,17:29,119,60,SFC动漫主题影院（美罗城店）,4号厅,肇嘉浜路1111号美罗城5楼,,0,lighthouse_pro_excel
拯救地球 (4K),拯救地球,2026-06-17,周三,15:30,17:29,119,80,UME影城（上海新天地店）,ONYX LED 4K巨幕厅,兴业路123弄6-7号楼新天地时尚I座5楼（早10点之前与晚22点之后的顾客请从新天地时尚1马当路商场通道入口进入，祝您观影愉快！）,"4K,ONYX",1,lighthouse_pro_excel
本影行动 (XR),本影行动,2026-06-17,周三,15:30,16:27,57,70,佰映三克映画,2号ScreeningRoom厅,江宁路699号B1-60B,XR,0,lighthouse_pro_excel
匠心罪案：丽兹·波顿宅邸谋杀案 (XR),匠心罪案：丽兹·波顿宅邸谋杀案,2026-06-17,周三,15:30,15:50,20,70,佰映三克映画,5号厅,江宁路699号B1-60B,XR,0,lighthouse_pro_excel
动物园 (4K),动物园,2026-06-17,周三,15:30,17:41,131,70,朵云轩杜比全景声影城,1号厅,天钥桥路1188号5楼,4K,1,lighthouse_pro_excel
黄色领带,黄色领带,2026-06-17,周三,15:30,17:55,145,70,国泰电影院,2号厅,淮海中路870号,,0,lighthouse_pro_excel
世界的主人,世界的主人,2026-06-17,周三,15:30,17:29,119,90,和平影都,五楼杜比全景声厅,西藏中路290号,,0,lighthouse_pro_excel
接近终点 (4K),接近终点,2026-06-17,周三,15:30,17:25,115,70,沪东工人文化宫东宫影剧院,1号厅,平凉路1500号(近宁国路),4K,1,lighthouse_pro_excel
生活多美好 (4K),生活多美好,2026-06-17,周三,15:30,17:41,131,90,黄浦剧场,中剧场,上海市北京东路780号（近贵州路）,4K,1,lighthouse_pro_excel
父母姐弟 (4K),父母姐弟,2026-06-17,周三,15:30,17:21,111,80,久事·上海商城剧院,剧院正厅,南京西路1376号上海商城4楼,4K,1,lighthouse_pro_excel
印度,印度,2026-06-17,周三,15:30,17:01,91,70,上海百丽宫影城（长宁来福士店）,LUXE厅,长宁路1123号七层701-703,LUXE,0,lighthouse_pro_excel
八千里路云和月 (4K),八千里路云和月,2026-06-17,周三,15:30,17:39,129,70,上海百丽宫影城（环贸iapm店）,6号厅,淮海中路999号L6-601,4K,1,lighthouse_pro_excel
好人寥寥 (4K),好人寥寥,2026-06-17,周三,15:30,17:48,138,100,上海百丽宫影城（万象城店）,CINITY LUXE巨幕厅,吴中路1599号L501商铺,"CINITY,4K,LUXE",1,lighthouse_pro_excel
触不可及 (4K),触不可及,2026-06-17,周三,15:30,17:59,149,70,上海百美汇影城（静安嘉里中心店）,4K激光1号厅,南京西路1551号嘉里中心N4-01,4K,1,lighthouse_pro_excel
危情十日 (4K),危情十日,2026-06-17,周三,15:30,17:18,108,90,上海大光明电影院,1号LUXE厅,南京西路216号,"4K,LUXE",1,lighthouse_pro_excel
意外以外,意外以外,2026-06-17,周三,15:30,17:04,94,70,上海大光明电影院,2号厅,南京西路216号,,0,lighthouse_pro_excel
倒扣的王牌,倒扣的王牌,2026-06-17,周三,15:30,17:21,111,70,上海美琪大戏院,观众厅,江宁路66号,,0,lighthouse_pro_excel
乱点鸳鸯谱 (4K),乱点鸳鸯谱,2026-06-17,周三,15:30,17:35,125,90,上海市沪北电影院,1号厅,洛川东路500号,4K,1,lighthouse_pro_excel
热情如火 (4K),热情如火,2026-06-17,周三,15:30,17:33,123,90,上海艺海剧院,大剧场,江宁路466号,4K,1,lighthouse_pro_excel
骗中骗 (4K),骗中骗,2026-06-17,周三,15:30,17:39,129,90,上海影城SHO,1号厅杜比剧场,新华路160号,4K,1,lighthouse_pro_excel
罗伯托·罗西里尼：即兴人生,罗伯托·罗西里尼：即兴人生,2026-06-17,周三,15:30,16:57,87,70,上海影城SHO,2号厅Onyx,新华路160号,ONYX,0,lighthouse_pro_excel
无欲之人,无欲之人,2026-06-17,周三,15:30,17:27,117,70,上海影城SHO,3号厅CINITY,新华路160号,CINITY,0,lighthouse_pro_excel
龙凤配 (4K),龙凤配,2026-06-17,周三,15:30,17:24,114,90,天山电影院-虹桥艺术中心旗舰店,剧院厅,天山路888号,4K,1,lighthouse_pro_excel
纽伦堡 (4K),纽伦堡,2026-06-17,周三,15:30,17:59,149,90,天山电影院-宛平剧院影城,1号厅,上海市徐汇区中山南二路859号,4K,1,lighthouse_pro_excel
匠心罪案：丽兹·波顿宅邸谋杀案 (XR),匠心罪案：丽兹·波顿宅邸谋杀案,2026-06-17,周三,17:00,17:20,20,70,佰映三克映画,5号厅,江宁路699号B1-60B,XR,0,lighthouse_pro_excel
本影行动 (XR),本影行动,2026-06-17,周三,17:30,18:27,57,70,佰映三克映画,2号ScreeningRoom厅,江宁路699号B1-60B,XR,0,lighthouse_pro_excel
我最后的家宴,我最后的家宴,2026-06-17,周三,17:30,19:26,116,70,上海百丽宫影城（长宁来福士店）,3号厅,长宁路1123号七层701-703,,0,lighthouse_pro_excel
迷失的露西 (4K),迷失的露西,2026-06-17,周三,18:00,19:30,90,70,SFC动漫主题影院（美罗城店）,4号厅,肇嘉浜路1111号美罗城5楼,4K,1,lighthouse_pro_excel
奇南客栈,奇南客栈,2026-06-17,周三,18:00,20:20,140,70,SFC上影影城（国华广场店）,1号LUXE巨幕厅,闸殷路1555号国华广场4楼,LUXE,0,lighthouse_pro_excel
总统班底 (4K),总统班底,2026-06-17,周三,18:00,20:19,139,100,UME影城（上海新天地店）,ONYX LED 4K巨幕厅,兴业路123弄6-7号楼新天地时尚I座5楼（早10点之前与晚22点之后的顾客请从新天地时尚1马当路商场通道入口进入，祝您观影愉快！）,"4K,ONYX",1,lighthouse_pro_excel
母鸡 (4K),母鸡,2026-06-17,周三,18:00,19:37,97,70,上海百丽宫影城（陆家嘴中心店）,LUXE厅,浦东南路899号L+MALL商场10层（2号线东昌路、9号线商城路）,"4K,LUXE",1,lighthouse_pro_excel
恋恋山城 (4K),恋恋山城,2026-06-17,周三,18:00,20:02,122,90,上海大光明电影院,1号LUXE厅,南京西路216号,"4K,LUXE",1,lighthouse_pro_excel
关于母亲 (4K),关于母亲,2026-06-17,周三,18:00,19:24,84,70,上海影城SHO,2号厅Onyx,新华路160号,"4K,ONYX",1,lighthouse_pro_excel
内华达之瑰 (4K),内华达之瑰,2026-06-17,周三,18:00,19:55,115,70,世纪友谊影城（LUXE南方商城店）,6号厅,沪闵路7250号百联南方二期9楼，万源路侧门电梯可直达,4K,1,lighthouse_pro_excel
海之子,海之子,2026-06-17,周三,18:30,19:48,78,70,CGV影城(白玉兰广场IMAX店),激光8号厅,东长治路588号上海白玉兰广场商业裙房3层11号铺位（东长治路近新建路）,,0,lighthouse_pro_excel
黄河绝恋,黄河绝恋,2026-06-17,周三,18:30,20:21,111,60,CMG融媒影城,4号厅（4K激光）,龙文路19号1-4层,4K,1,lighthouse_pro_excel
折翼母亲,折翼母亲,2026-06-17,周三,18:30,20:13,103,70,CMG融媒影城,8号厅（杜比全景声CINITY）,龙文路19号1-4层,CINITY,0,lighthouse_pro_excel
忘梦洞 (IMAX 3D/4K),忘梦洞,2026-06-17,周三,18:30,20:03,93,110,MOViE MOViE 影城（前滩太古里店）,激光IMAX厅,东育路500弄1-9号前滩太古里石区L3层S-L3-13,"IMAX,4K,3D",1,lighthouse_pro_excel
短片精选集1,短片精选集1,2026-06-17,周三,18:30,19:58,88,70,SFC上影百联影城（八佰伴IMAX店）,2号厅,张杨路501号10楼,,0,lighthouse_pro_excel
核,核,2026-06-17,周三,18:30,20:09,99,70,SFC上影影城（丁香路LUXE店）,5号LUXE巨幕厅,丁香路858号丁香国际三楼,LUXE,0,lighthouse_pro_excel
头号玩家 (IMAX 3D/4K),头号玩家,2026-06-17,周三,18:30,20:51,141,110,SFC上影影城（港汇永华IMAX激光店）,IMAX厅,虹桥路1号港汇广场6楼,"IMAX,4K,3D",1,lighthouse_pro_excel
扒手,扒手,2026-06-17,周三,18:30,19:46,76,80,SFC上影影城（港汇永华IMAX激光店）,ONYX LED厅,虹桥路1号港汇广场6楼,ONYX,0,lighthouse_pro_excel
废墟之上,废墟之上,2026-06-17,周三,18:30,19:48,78,70,SFC永华电影荟（世纪汇店）,CINITY2号厅,世纪大道1192号世纪汇广场5层022、6层 001号,CINITY,0,lighthouse_pro_excel
匠心罪案：丽兹·波顿宅邸谋杀案 (XR),匠心罪案：丽兹·波顿宅邸谋杀案,2026-06-17,周三,18:30,18:50,20,70,佰映三克映画,5号厅,江宁路699号B1-60B,XR,0,lighthouse_pro_excel
三条QUEEN (4K),三条QUEEN,2026-06-17,周三,18:30,20:09,99,70,佰映三克映画,LUXE厅,江宁路699号B1-60B,"4K,LUXE",1,lighthouse_pro_excel
高中 (4K),高中,2026-06-17,周三,18:30,19:46,76,70,曹杨影城,1号4K激光厅,兰溪路125号2楼,4K,1,lighthouse_pro_excel
弗里达 (4K),弗里达,2026-06-17,周三,18:30,19:58,88,80,朵云轩杜比全景声影城,1号厅,天钥桥路1188号5楼,4K,1,lighthouse_pro_excel
小小得月楼,小小得月楼,2026-06-17,周三,18:30,20:04,94,60,国泰电影院,2号厅,淮海中路870号,,0,lighthouse_pro_excel
血色机库 (4K),血色机库,2026-06-17,周三,18:30,19:53,83,70,和平影都,二楼8号激光巨幕厅,西藏中路290号,4K,1,lighthouse_pro_excel
罹难登山客旅馆 (4K),罹难登山客旅馆,2026-06-17,周三,18:30,19:54,84,90,和平影都,五楼杜比全景声厅,西藏中路290号,4K,1,lighthouse_pro_excel
对不起，我们错过了你,对不起，我们错过了你,2026-06-17,周三,18:30,20:12,102,70,沪东工人文化宫东宫影剧院,1号厅,平凉路1500号(近宁国路),,0,lighthouse_pro_excel
原始星球 (4K),原始星球,2026-06-17,周三,18:30,19:42,72,70,黄浦剧场,中剧场,上海市北京东路780号（近贵州路）,4K,1,lighthouse_pro_excel
隐形女士,隐形女士,2026-06-17,周三,18:30,20:06,96,50,嘉定影剧院,3号厅,城中路149号,,0,lighthouse_pro_excel
党同伐异,党同伐异,2026-06-17,周三,18:30,21:18,168,80,久事·上海商城剧院,剧院正厅,南京西路1376号上海商城4楼,,0,lighthouse_pro_excel
无罪的巫师,无罪的巫师,2026-06-17,周三,18:30,19:58,88,70,兰心大戏院,观众厅,茂名南路57号,,0,lighthouse_pro_excel
短片精选集2,短片精选集2,2026-06-17,周三,18:30,20:16,106,30,临港演艺中心,1号厅,中国（上海）自由贸易试验区临港新片区顶科路200号,,0,lighthouse_pro_excel
开罗车站 (4K),开罗车站,2026-06-17,周三,18:30,19:47,77,80,上海百丽宫影城（长宁来福士店）,LUXE厅,长宁路1123号七层701-703,"4K,LUXE",1,lighthouse_pro_excel
吉尔吉斯少年行,吉尔吉斯少年行,2026-06-17,周三,18:30,19:48,78,70,上海百丽宫影城（环贸iapm店）,6号厅,淮海中路999号L6-601,,0,lighthouse_pro_excel
海洋,海洋,2026-06-17,周三,18:30,20:14,104,80,上海百丽宫影城（万象城店）,CINITY LUXE巨幕厅,吴中路1599号L501商铺,"CINITY,LUXE",0,lighthouse_pro_excel
奥利维亚与无声震波,奥利维亚与无声震波,2026-06-17,周三,18:30,19:41,71,70,上海百美汇影城（静安嘉里中心店）,4K激光1号厅,南京西路1551号嘉里中心N4-01,4K,1,lighthouse_pro_excel
恶搞大片 (4K),恶搞大片,2026-06-17,周三,18:30,20:00,90,70,上海大光明电影院,2号厅,南京西路216号,4K,1,lighthouse_pro_excel
吉塔姜利·饶动画短片合集,吉塔姜利·饶动画短片合集,2026-06-17,周三,18:30,19:35,65,60,上海大光明电影院,3号厅,南京西路216号,,0,lighthouse_pro_excel
对比：肯·洛奇的生活和影片,对比：肯·洛奇的生活和影片,2026-06-17,周三,18:30,20:00,90,70,上海科技影城,3号厅,南昌路59号1-3F,,0,lighthouse_pro_excel
当哈利遇到莎莉 (4K),当哈利遇到莎莉,2026-06-17,周三,18:30,20:06,96,90,上海美琪大戏院,观众厅,江宁路66号,4K,1,lighthouse_pro_excel
总统的蛋糕 (4K),总统的蛋糕,2026-06-17,周三,18:30,20:16,106,70,上海市沪北电影院,1号厅,洛川东路500号,4K,1,lighthouse_pro_excel
双重赔偿 (4K),双重赔偿,2026-06-17,周三,18:30,20:18,108,90,上海艺海剧院,大剧场,江宁路466号,4K,1,lighthouse_pro_excel
都灵之马,都灵之马,2026-06-17,周三,18:30,21:05,155,160,上海影城SHO,1号厅杜比剧场,新华路160号,,0,lighthouse_pro_excel
2026 金爵奖动画短片合集,2026 金爵奖动画短片合集,2026-06-17,周三,18:30,19:32,62,70,上海影城SHO,3号厅CINITY,新华路160号,CINITY,0,lighthouse_pro_excel
阿诗玛 （4K）,阿诗玛,2026-06-17,周三,18:30,20:01,91,70,上海影城SHO,9号厅REALD CINEMA,新华路160号,4K,1,lighthouse_pro_excel
天堂的孩子,天堂的孩子,2026-06-17,周三,18:30,21:40,190,110,天山电影院-虹桥艺术中心旗舰店,剧院厅,天山路888号,,0,lighthouse_pro_excel
夺魂索 (4K),夺魂索,2026-06-17,周三,18:30,19:51,81,90,天山电影院-宛平剧院影城,1号厅,上海市徐汇区中山南二路859号,4K,1,lighthouse_pro_excel
暗流低语 (4K),暗流低语,2026-06-17,周三,18:30,20:04,94,70,星轶STARX影剧院（上海宝山日月光店）,5号厅,上海市宝山区沪太路1933号【K】区2层202,4K,1,lighthouse_pro_excel
本影行动 (XR),本影行动,2026-06-17,周三,19:30,20:27,57,70,佰映三克映画,2号ScreeningRoom厅,江宁路699号B1-60B,XR,0,lighthouse_pro_excel
匠心罪案：丽兹·波顿宅邸谋杀案 (XR),匠心罪案：丽兹·波顿宅邸谋杀案,2026-06-17,周三,20:00,20:20,20,70,佰映三克映画,5号厅,江宁路699号B1-60B,XR,0,lighthouse_pro_excel
她们的狂想曲 (4K),她们的狂想曲,2026-06-17,周三,20:40,22:02,82,70,CGV影城(白玉兰广场IMAX店),激光8号厅,东长治路588号上海白玉兰广场商业裙房3层11号铺位（东长治路近新建路）,4K,1,lighthouse_pro_excel
无界之环 (4K),无界之环,2026-06-17,周三,20:40,22:28,108,70,CMG融媒影城,4号厅（4K激光）,龙文路19号1-4层,4K,1,lighthouse_pro_excel
噬草者 (4K),噬草者,2026-06-17,周三,20:40,22:01,81,70,CMG融媒影城,8号厅（杜比全景声CINITY）,龙文路19号1-4层,"CINITY,4K",1,lighthouse_pro_excel
温尼伯：希望的种子 (4K),温尼伯：希望的种子,2026-06-17,周三,20:40,22:02,82,70,SFC动漫主题影院（美罗城店）,4号厅,肇嘉浜路1111号美罗城5楼,4K,1,lighthouse_pro_excel
短片精选集3,短片精选集3,2026-06-17,周三,20:40,22:18,98,70,SFC上影百联影城（八佰伴IMAX店）,2号厅,张杨路501号10楼,,0,lighthouse_pro_excel
车位,车位,2026-06-17,周三,20:40,22:05,85,70,SFC上影影城（丁香路LUXE店）,5号LUXE巨幕厅,丁香路858号丁香国际三楼,LUXE,0,lighthouse_pro_excel
新钱游戏 (4K),新钱游戏,2026-06-17,周三,20:40,22:21,101,70,SFC上影影城（港汇永华IMAX激光店）,ONYX LED厅,虹桥路1号港汇广场6楼,"4K,ONYX",1,lighthouse_pro_excel
忘恩负义之人 (4K),忘恩负义之人,2026-06-17,周三,20:40,22:31,111,70,SFC上影影城（国华广场店）,1号LUXE巨幕厅,闸殷路1555号国华广场4楼,"4K,LUXE",1,lighthouse_pro_excel
足球少女玛丽亚 (4K),足球少女玛丽亚,2026-06-17,周三,20:40,22:34,114,70,SFC永华电影荟（世纪汇店）,CINITY2号厅,世纪大道1192号世纪汇广场5层022、6层 001号,"CINITY,4K",1,lighthouse_pro_excel
三级警戒 (4K),三级警戒,2026-06-17,周三,20:40,22:20,100,70,UME影城（上海新天地店）,ONYX LED 4K巨幕厅,兴业路123弄6-7号楼新天地时尚I座5楼（早10点之前与晚22点之后的顾客请从新天地时尚1马当路商场通道入口进入，祝您观影愉快！）,"4K,ONYX",1,lighthouse_pro_excel
南非沙漠惊魂记 (4K),南非沙漠惊魂记,2026-06-17,周三,20:40,22:26,106,70,佰映三克映画,LUXE厅,江宁路699号B1-60B,"4K,LUXE",1,lighthouse_pro_excel
提提卡失序记事 (4K),提提卡失序记事,2026-06-17,周三,20:40,22:04,84,70,曹杨影城,1号4K激光厅,兰溪路125号2楼,4K,1,lighthouse_pro_excel
奔赴维戈！,奔赴维戈！,2026-06-17,周三,20:40,22:18,98,70,朵云轩杜比全景声影城,1号厅,天钥桥路1188号5楼,,0,lighthouse_pro_excel
生日快乐,生日快乐,2026-06-17,周三,20:40,22:12,92,70,国泰电影院,2号厅,淮海中路870号,,0,lighthouse_pro_excel
妈样年华,妈样年华,2026-06-17,周三,20:40,22:15,95,70,和平影都,二楼8号激光巨幕厅,西藏中路290号,,0,lighthouse_pro_excel
山谷里的战斗,山谷里的战斗,2026-06-17,周三,20:40,22:37,117,70,和平影都,五楼杜比全景声厅,西藏中路290号,,0,lighthouse_pro_excel
贫民窟的百万富翁,贫民窟的百万富翁,2026-06-17,周三,20:40,22:36,116,90,沪东工人文化宫东宫影剧院,1号厅,平凉路1500号(近宁国路),,0,lighthouse_pro_excel
凶器 (IMAX/4K),凶器,2026-06-17,周三,20:40,22:50,130,110,寰映影城（大融城店）,1号IMAX厅,沪太路1111弄10号3层L328室,"IMAX/4K,IMAX,4K",1,lighthouse_pro_excel
甘达星人 (4K),甘达星人,2026-06-17,周三,20:40,22:04,84,70,黄浦剧场,中剧场,上海市北京东路780号（近贵州路）,4K,1,lighthouse_pro_excel
一切可售,一切可售,2026-06-17,周三,20:40,22:20,100,70,兰心大戏院,观众厅,茂名南路57号,,0,lighthouse_pro_excel
前路无光,前路无光,2026-06-17,周三,20:40,22:10,90,70,上海百丽宫影城（长宁来福士店）,3号厅,长宁路1123号七层701-703,,0,lighthouse_pro_excel
局外人,局外人,2026-06-17,周三,20:40,22:42,122,80,上海百丽宫影城（长宁来福士店）,LUXE厅,长宁路1123号七层701-703,LUXE,0,lighthouse_pro_excel
那山那人那狗,那山那人那狗,2026-06-17,周三,20:40,22:09,89,60,上海百丽宫影城（环贸iapm店）,6号厅,淮海中路999号L6-601,,0,lighthouse_pro_excel
童梦如鸢 (4K),童梦如鸢,2026-06-17,周三,20:40,22:12,92,70,上海百丽宫影城（陆家嘴中心店）,LUXE厅,浦东南路899号L+MALL商场10层（2号线东昌路、9号线商城路）,"4K,LUXE",1,lighthouse_pro_excel
宿敌,宿敌,2026-06-17,周三,20:40,22:11,91,70,上海百丽宫影城（万象城店）,CINITY LUXE巨幕厅,吴中路1599号L501商铺,"CINITY,LUXE",0,lighthouse_pro_excel
沉没,沉没,2026-06-17,周三,20:40,22:08,88,70,上海百美汇影城（静安嘉里中心店）,4K激光1号厅,南京西路1551号嘉里中心N4-01,4K,1,lighthouse_pro_excel
甘泉玛侬 (4K),甘泉玛侬,2026-06-17,周三,20:40,22:34,114,90,上海大光明电影院,1号LUXE厅,南京西路216号,"4K,LUXE",1,lighthouse_pro_excel
小洞天,小洞天,2026-06-17,周三,20:40,22:27,107,70,上海大光明电影院,2号厅,南京西路216号,,0,lighthouse_pro_excel
钨 (4K),钨,2026-06-17,周三,20:40,22:22,102,70,上海大光明电影院,3号厅,南京西路216号,4K,1,lighthouse_pro_excel
微光女孩,微光女孩,2026-06-17,周三,20:40,22:41,121,70,上海科技影城,3号厅,南昌路59号1-3F,,0,lighthouse_pro_excel
秋天年鉴,秋天年鉴,2026-06-17,周三,20:40,22:41,121,70,上海美琪大戏院,观众厅,江宁路66号,,0,lighthouse_pro_excel
玛戈王后 (4K),玛戈王后,2026-06-17,周三,20:40,23:19,159,110,上海市沪北电影院,1号厅,洛川东路500号,4K,1,lighthouse_pro_excel
失去的周末,失去的周末,2026-06-17,周三,20:40,22:21,101,70,上海艺海剧院,大剧场,江宁路466号,,0,lighthouse_pro_excel
猎人之月,猎人之月,2026-06-17,周三,20:40,22:19,99,70,上海影城SHO,2号厅Onyx,新华路160号,ONYX,0,lighthouse_pro_excel
若昂·萨拉维扎真人短片合集,若昂·萨拉维扎真人短片合集,2026-06-17,周三,20:40,22:24,104,70,上海影城SHO,3号厅CINITY,新华路160号,CINITY,0,lighthouse_pro_excel
冰山上的来客,冰山上的来客,2026-06-17,周三,20:40,22:27,107,60,上海影城SHO,9号厅REALD CINEMA,新华路160号,,0,lighthouse_pro_excel
蔷薇修剪术 (4K),蔷薇修剪术,2026-06-17,周三,20:40,22:15,95,70,世纪友谊影城（LUXE南方商城店）,6号厅,沪闵路7250号百联南方二期9楼，万源路侧门电梯可直达,4K,1,lighthouse_pro_excel
流浪北极熊 (4K),流浪北极熊,2026-06-17,周三,20:40,22:15,95,70,天山电影院-虹桥艺术中心旗舰店,4号厅,天山路888号,4K,1,lighthouse_pro_excel
英国病人,英国病人,2026-06-17,周三,20:40,23:22,162,90,天山电影院-宛平剧院影城,1号厅,上海市徐汇区中山南二路859号,,0,lighthouse_pro_excel
危情蜻蜓 (4K),危情蜻蜓,2026-06-17,周三,20:40,22:19,99,70,星轶STARX影剧院（上海宝山日月光店）,5号厅,上海市宝山区沪太路1933号【K】区2层202,4K,1,lighthouse_pro_excel
天堂的孩子,天堂的孩子,2026-06-18,周四,09:00,12:10,190,110,曹杨影城,1号4K激光厅,兰溪路125号2楼,4K,1,lighthouse_pro_excel
哈利·波特与魔法石 (4K),哈利·波特与魔法石,2026-06-18,周四,09:00,11:33,153,70,国泰电影院,2号厅,淮海中路870号,4K,1,lighthouse_pro_excel
纽伦堡 (4K),纽伦堡,2026-06-18,周四,09:00,11:29,149,90,上海大光明电影院,1号LUXE厅,南京西路216号,"4K,LUXE",1,lighthouse_pro_excel
新凯旋门,新凯旋门,2026-06-18,周四,10:00,11:47,107,70,上海百丽宫影城（万象城店）,CINITY LUXE巨幕厅,吴中路1599号L501商铺,"CINITY,LUXE",0,lighthouse_pro_excel
春树,春树,2026-06-18,周四,10:00,12:03,123,70,上海影城SHO,3号厅CINITY,新华路160号,CINITY,0,lighthouse_pro_excel
遗愿清单,遗愿清单,2026-06-18,周四,10:30,12:07,97,90,上海影城SHO,1号厅杜比剧场,新华路160号,,0,lighthouse_pro_excel
茫然女王 (4K),茫然女王,2026-06-18,周四,10:30,12:32,122,90,天山电影院-虹桥艺术中心旗舰店,剧院厅,天山路888号,4K,1,lighthouse_pro_excel
匠心罪案：仙境谋杀案 (XR),匠心罪案：仙境谋杀案,2026-06-18,周四,11:00,11:20,20,70,佰映三克映画,5号厅,江宁路699号B1-60B,XR,0,lighthouse_pro_excel
哈利·波特与密室 (4K),哈利·波特与密室,2026-06-18,周四,12:00,14:41,161,70,国泰电影院,2号厅,淮海中路870号,4K,1,lighthouse_pro_excel
开天辟地,开天辟地,2026-06-18,周四,12:00,14:49,169,60,上海大光明电影院,2号厅,南京西路216号,,0,lighthouse_pro_excel
匠心罪案：仙境谋杀案 (XR),匠心罪案：仙境谋杀案,2026-06-18,周四,12:30,12:50,20,70,佰映三克映画,5号厅,江宁路699号B1-60B,XR,0,lighthouse_pro_excel
都灵之马,都灵之马,2026-06-18,周四,12:30,15:05,155,70,曹杨影城,1号4K激光厅,兰溪路125号2楼,4K,1,lighthouse_pro_excel
恩典 (4K),恩典,2026-06-18,周四,12:30,14:43,133,80,黄浦剧场,中剧场,上海市北京东路780号（近贵州路）,4K,1,lighthouse_pro_excel
智取威虎山,智取威虎山,2026-06-18,周四,12:30,14:53,143,60,上海大光明电影院,3号厅,南京西路216号,,0,lighthouse_pro_excel
鲸鱼马戏团 (4K),鲸鱼马戏团,2026-06-18,周四,12:30,14:57,147,70,上海美琪大戏院,观众厅,江宁路66号,4K,1,lighthouse_pro_excel
新浪潮,新浪潮,2026-06-18,周四,13:00,14:46,106,80,UME影城（上海新天地店）,ONYX LED 4K巨幕厅,兴业路123弄6-7号楼新天地时尚I座5楼（早10点之前与晚22点之后的顾客请从新天地时尚1马当路商场通道入口进入，祝您观影愉快！）,"4K,ONYX",1,lighthouse_pro_excel
特鲁瓦格罗餐厅 (4K),特鲁瓦格罗餐厅,2026-06-18,周四,13:00,17:00,240,140,朵云轩杜比全景声影城,1号厅,天钥桥路1188号5楼,4K,1,lighthouse_pro_excel
新浪潮,新浪潮,2026-06-18,周四,13:00,14:46,106,80,和平影都,五楼杜比全景声厅,西藏中路290号,,0,lighthouse_pro_excel
杀手蝴蝶梦 (4K),杀手蝴蝶梦,2026-06-18,周四,13:00,14:31,91,80,久事·上海商城剧院,剧院正厅,南京西路1376号上海商城4楼,4K,1,lighthouse_pro_excel
UFO离奇命案,UFO离奇命案,2026-06-18,周四,13:00,14:27,87,70,兰心大戏院,观众厅,茂名南路57号,,0,lighthouse_pro_excel
内华达之瑰 (4K),内华达之瑰,2026-06-18,周四,13:00,14:55,115,70,上海百丽宫影城（陆家嘴中心店）,LUXE厅,浦东南路899号L+MALL商场10层（2号线东昌路、9号线商城路）,"4K,LUXE",1,lighthouse_pro_excel
罪与罚,罪与罚,2026-06-18,周四,13:00,14:34,94,80,上海百丽宫影城（万象城店）,CINITY LUXE巨幕厅,吴中路1599号L501商铺,"CINITY,LUXE",0,lighthouse_pro_excel
小孩与鹰,小孩与鹰,2026-06-18,周四,13:00,14:51,111,80,上海大光明电影院,1号LUXE厅,南京西路216号,LUXE,0,lighthouse_pro_excel
危情十日 (4K),危情十日,2026-06-18,周四,13:00,14:48,108,90,上海艺海剧院,大剧场,江宁路466号,4K,1,lighthouse_pro_excel
贫民窟的百万富翁,贫民窟的百万富翁,2026-06-18,周四,13:00,14:56,116,90,上海影城SHO,1号厅杜比剧场,新华路160号,,0,lighthouse_pro_excel
一代人,一代人,2026-06-18,周四,13:00,14:29,89,70,上海影城SHO,2号厅Onyx,新华路160号,ONYX,0,lighthouse_pro_excel
罗目的黄昏,罗目的黄昏,2026-06-18,周四,13:00,14:39,99,70,上海影城SHO,3号厅CINITY,新华路160号,CINITY,0,lighthouse_pro_excel
弗里达 (4K),弗里达,2026-06-18,周四,13:00,14:28,88,80,天山电影院-虹桥艺术中心旗舰店,4号厅,天山路888号,4K,1,lighthouse_pro_excel
倒扣的王牌,倒扣的王牌,2026-06-18,周四,13:00,14:51,111,70,天山电影院-虹桥艺术中心旗舰店,剧院厅,天山路888号,,0,lighthouse_pro_excel
安妮·霍尔 (4K),安妮·霍尔,2026-06-18,周四,13:00,14:34,94,90,天山电影院-宛平剧院影城,1号厅,上海市徐汇区中山南二路859号,4K,1,lighthouse_pro_excel
本影行动 (XR),本影行动,2026-06-18,周四,13:30,14:27,57,70,佰映三克映画,2号ScreeningRoom厅,江宁路699号B1-60B,XR,0,lighthouse_pro_excel
匠心罪案：仙境谋杀案 (XR),匠心罪案：仙境谋杀案,2026-06-18,周四,14:00,14:20,20,70,佰映三克映画,5号厅,江宁路699号B1-60B,XR,0,lighthouse_pro_excel
神奇动物在哪里 (3D),神奇动物在哪里,2026-06-18,周四,15:00,17:13,133,50,九棵树未来艺术中心,大剧场,树桓路99号,3D,0,lighthouse_pro_excel
福地,福地,2026-06-18,周四,15:00,17:50,170,90,上海百丽宫影城（长宁来福士店）,LUXE厅,长宁路1123号七层701-703,LUXE,0,lighthouse_pro_excel
九庙上天堂,九庙上天堂,2026-06-18,周四,15:00,17:21,141,80,上海影城SHO,2号厅Onyx,新华路160号,ONYX,0,lighthouse_pro_excel
吉塔姜利·饶动画短片合集,吉塔姜利·饶动画短片合集,2026-06-18,周四,15:30,16:35,65,60,SFC动漫主题影院（美罗城店）,4号厅,肇嘉浜路1111号美罗城5楼,,0,lighthouse_pro_excel
无名,无名,2026-06-18,周四,15:30,17:38,128,60,SFC上影百联影城（八佰伴IMAX店）,2号厅,张杨路501号10楼,,0,lighthouse_pro_excel
亦吾亦舞,亦吾亦舞,2026-06-18,周四,15:30,17:36,126,70,UME影城（上海新天地店）,ONYX LED 4K巨幕厅,兴业路123弄6-7号楼新天地时尚I座5楼（早10点之前与晚22点之后的顾客请从新天地时尚1马当路商场通道入口进入，祝您观影愉快！）,"4K,ONYX",1,lighthouse_pro_excel
本影行动 (XR),本影行动,2026-06-18,周四,15:30,16:27,57,70,佰映三克映画,2号ScreeningRoom厅,江宁路699号B1-60B,XR,0,lighthouse_pro_excel
匠心罪案：仙境谋杀案 (XR),匠心罪案：仙境谋杀案,2026-06-18,周四,15:30,15:50,20,70,佰映三克映画,5号厅,江宁路699号B1-60B,XR,0,lighthouse_pro_excel
世界的主人,世界的主人,2026-06-18,周四,15:30,17:29,119,90,曹杨影城,1号4K激光厅,兰溪路125号2楼,4K,1,lighthouse_pro_excel
哈利·波特与阿兹卡班的囚徒,哈利·波特与阿兹卡班的囚徒,2026-06-18,周四,15:30,17:52,142,70,国泰电影院,2号厅,淮海中路870号,,0,lighthouse_pro_excel
无罪的巫师,无罪的巫师,2026-06-18,周四,15:30,16:58,88,70,和平影都,五楼杜比全景声厅,西藏中路290号,,0,lighthouse_pro_excel
137号案件,137号案件,2026-06-18,周四,15:30,17:27,117,70,沪东工人文化宫东宫影剧院,1号厅,平凉路1500号(近宁国路),,0,lighthouse_pro_excel
动物园 (4K),动物园,2026-06-18,周四,15:30,17:41,131,70,黄浦剧场,中剧场,上海市北京东路780号（近贵州路）,4K,1,lighthouse_pro_excel
原始星球 (4K),原始星球,2026-06-18,周四,15:30,16:42,72,70,久事·上海商城剧院,剧院正厅,南京西路1376号上海商城4楼,4K,1,lighthouse_pro_excel
梦寻苏毗女儿国,梦寻苏毗女儿国,2026-06-18,周四,15:30,17:01,91,70,兰心大戏院,观众厅,茂名南路57号,,0,lighthouse_pro_excel
印度,印度,2026-06-18,周四,15:30,17:01,91,70,上海百丽宫影城（环贸iapm店）,6号厅,淮海中路999号L6-601,,0,lighthouse_pro_excel
拯救地球 (4K),拯救地球,2026-06-18,周四,15:30,17:29,119,80,上海百丽宫影城（万象城店）,CINITY LUXE巨幕厅,吴中路1599号L501商铺,"CINITY,4K,LUXE",1,lighthouse_pro_excel
爸爸,爸爸,2026-06-18,周四,15:30,17:40,130,70,上海百美汇影城（静安嘉里中心店）,4K激光1号厅,南京西路1551号嘉里中心N4-01,4K,1,lighthouse_pro_excel
桃色公寓 (4K),桃色公寓,2026-06-18,周四,15:30,17:36,126,90,上海大光明电影院,1号LUXE厅,南京西路216号,"4K,LUXE",1,lighthouse_pro_excel
燃烧吧！爸爸,燃烧吧！爸爸,2026-06-18,周四,15:30,17:13,103,70,上海大光明电影院,2号厅,南京西路216号,,0,lighthouse_pro_excel
无欲之人,无欲之人,2026-06-18,周四,15:30,17:27,117,70,上海大光明电影院,3号厅,南京西路216号,,0,lighthouse_pro_excel
飞越疯人院（4K）,飞越疯人院,2026-06-18,周四,15:30,17:45,135,90,上海美琪大戏院,观众厅,江宁路66号,4K,1,lighthouse_pro_excel
乱世孤儿 (4K),乱世孤儿,2026-06-18,周四,15:30,17:43,133,70,上海市沪北电影院,1号厅,洛川东路500号,4K,1,lighthouse_pro_excel
柏林艳史,柏林艳史,2026-06-18,周四,15:30,17:22,112,70,上海艺海剧院,大剧场,江宁路466号,,0,lighthouse_pro_excel
恐怖分子,恐怖分子,2026-06-18,周四,15:30,17:22,112,70,上海影城SHO,1号厅杜比剧场,新华路160号,,0,lighthouse_pro_excel
大西洋,大西洋,2026-06-18,周四,15:30,17:12,102,70,上海影城SHO,3号厅CINITY,新华路160号,CINITY,0,lighthouse_pro_excel
一个悲伤而美丽的世界,一个悲伤而美丽的世界,2026-06-18,周四,15:30,17:20,110,70,天山电影院-虹桥艺术中心旗舰店,4号厅,天山路888号,,0,lighthouse_pro_excel
爸妈不在家,爸妈不在家,2026-06-18,周四,15:30,17:10,100,70,天山电影院-虹桥艺术中心旗舰店,剧院厅,天山路888号,,0,lighthouse_pro_excel
乱点鸳鸯谱 (4K),乱点鸳鸯谱,2026-06-18,周四,15:30,17:35,125,90,天山电影院-宛平剧院影城,1号厅,上海市徐汇区中山南二路859号,4K,1,lighthouse_pro_excel
匠心罪案：仙境谋杀案 (XR),匠心罪案：仙境谋杀案,2026-06-18,周四,17:00,17:20,20,70,佰映三克映画,5号厅,江宁路699号B1-60B,XR,0,lighthouse_pro_excel
本影行动 (XR),本影行动,2026-06-18,周四,17:30,18:27,57,70,佰映三克映画,2号ScreeningRoom厅,江宁路699号B1-60B,XR,0,lighthouse_pro_excel
春 (4K),春,2026-06-18,周四,18:00,19:51,111,70,SFC上影影城（国华广场店）,1号LUXE巨幕厅,闸殷路1555号国华广场4楼,"4K,LUXE",1,lighthouse_pro_excel
父母姐弟 (4K),父母姐弟,2026-06-18,周四,18:00,19:51,111,50,嘉定影剧院,3号厅,城中路149号,4K,1,lighthouse_pro_excel
神奇动物：格林德沃之罪 (3D),神奇动物：格林德沃之罪,2026-06-18,周四,18:00,20:14,134,50,九棵树未来艺术中心,大剧场,树桓路99号,3D,0,lighthouse_pro_excel
南国再见，南国 (4K),南国再见，南国,2026-06-18,周四,18:00,19:53,113,90,上海大光明电影院,1号LUXE厅,南京西路216号,"4K,LUXE",1,lighthouse_pro_excel
龙凤配 (4K),龙凤配,2026-06-18,周四,18:00,19:54,114,90,上海艺海剧院,大剧场,江宁路466号,4K,1,lighthouse_pro_excel
鹈鹕的故事,鹈鹕的故事,2026-06-18,周四,18:30,19:59,89,70,CGV影城(白玉兰广场IMAX店),激光8号厅,东长治路588号上海白玉兰广场商业裙房3层11号铺位（东长治路近新建路）,,0,lighthouse_pro_excel
三条QUEEN (4K),三条QUEEN,2026-06-18,周四,18:30,20:09,99,70,CMG融媒影城,4号厅（4K激光）,龙文路19号1-4层,4K,1,lighthouse_pro_excel
摇滚万万岁2 (4K),摇滚万万岁2,2026-06-18,周四,18:30,19:54,84,70,CMG融媒影城,8号厅（杜比全景声CINITY）,龙文路19号1-4层,"CINITY,4K",1,lighthouse_pro_excel
冲破黑暗谷 (IMAX/4K),冲破黑暗谷,2026-06-18,周四,18:30,20:23,113,110,MOViE MOViE 影城（前滩太古里店）,激光IMAX厅,东育路500弄1-9号前滩太古里石区L3层S-L3-13,"IMAX/4K,IMAX,4K",1,lighthouse_pro_excel
憨丁钱路慌,憨丁钱路慌,2026-06-18,周四,18:30,19:46,76,70,SFC动漫主题影院（美罗城店）,4号厅,肇嘉浜路1111号美罗城5楼,,0,lighthouse_pro_excel
最后之熊,最后之熊,2026-06-18,周四,18:30,20:05,95,70,SFC上影百联影城（八佰伴IMAX店）,2号厅,张杨路501号10楼,,0,lighthouse_pro_excel
405谋杀案,405谋杀案,2026-06-18,周四,18:30,20:12,102,70,SFC上影影城（丁香路LUXE店）,5号LUXE巨幕厅,丁香路858号丁香国际三楼,LUXE,0,lighthouse_pro_excel
传奇：演唱的猫王 (IMAX/4K),传奇：演唱的猫王,2026-06-18,周四,18:30,20:08,98,120,SFC上影影城（港汇永华IMAX激光店）,IMAX厅,虹桥路1号港汇广场6楼,"IMAX/4K,IMAX,4K",1,lighthouse_pro_excel
我的喜悦夏天,我的喜悦夏天,2026-06-18,周四,18:30,20:03,93,70,SFC上影影城（港汇永华IMAX激光店）,ONYX LED厅,虹桥路1号港汇广场6楼,ONYX,0,lighthouse_pro_excel
路易莎的沙漠 (4K),路易莎的沙漠,2026-06-18,周四,18:30,20:11,101,70,SFC永华电影荟（世纪汇店）,CINITY2号厅,世纪大道1192号世纪汇广场5层022、6层 001号,"CINITY,4K",1,lighthouse_pro_excel
被遗忘的树之歌,被遗忘的树之歌,2026-06-18,周四,18:30,19:48,78,70,SFC永华电影荟（世纪汇店）,CRYSTAL ONE LED1号厅,世纪大道1192号世纪汇广场5层022、6层 001号,,0,lighthouse_pro_excel
开罗车站 (4K),开罗车站,2026-06-18,周四,18:30,19:47,77,80,UME影城（上海新天地店）,ONYX LED 4K巨幕厅,兴业路123弄6-7号楼新天地时尚I座5楼（早10点之前与晚22点之后的顾客请从新天地时尚1马当路商场通道入口进入，祝您观影愉快！）,"4K,ONYX",1,lighthouse_pro_excel
匠心罪案：仙境谋杀案 (XR),匠心罪案：仙境谋杀案,2026-06-18,周四,18:30,18:50,20,70,佰映三克映画,5号厅,江宁路699号B1-60B,XR,0,lighthouse_pro_excel
黑暗之心,黑暗之心,2026-06-18,周四,18:30,19:54,84,70,佰映三克映画,LUXE厅,江宁路699号B1-60B,LUXE,0,lighthouse_pro_excel
地下情,地下情,2026-06-18,周四,18:30,20:08,98,80,曹杨影城,1号4K激光厅,兰溪路125号2楼,4K,1,lighthouse_pro_excel
高中 (4K),高中,2026-06-18,周四,18:30,19:46,76,70,朵云轩杜比全景声影城,1号厅,天钥桥路1188号5楼,4K,1,lighthouse_pro_excel
哈利·波特与火焰杯,哈利·波特与火焰杯,2026-06-18,周四,18:30,21:07,157,70,国泰电影院,2号厅,淮海中路870号,,0,lighthouse_pro_excel
梦中花园,梦中花园,2026-06-18,周四,18:30,20:13,103,70,和平影都,二楼8号激光巨幕厅,西藏中路290号,,0,lighthouse_pro_excel
母亲,母亲,2026-06-18,周四,18:30,19:58,88,70,和平影都,五楼杜比全景声厅,西藏中路290号,,0,lighthouse_pro_excel
她回来的那天,她回来的那天,2026-06-18,周四,18:30,19:55,85,70,沪东工人文化宫东宫影剧院,1号厅,平凉路1500号(近宁国路),,0,lighthouse_pro_excel
风暴边缘 (IMAX/4K),风暴边缘,2026-06-18,周四,18:30,20:06,96,110,寰映影城（大融城店）,1号IMAX厅,沪太路1111弄10号3层L328室,"IMAX/4K,IMAX,4K",1,lighthouse_pro_excel
无痛凯恩 (DOLBY VISION/4K),无痛凯恩,2026-06-18,周四,18:30,20:20,110,110,寰映影城（大融城店）,3号厅（杜比影院）,沪太路1111弄10号3层L328室,"DOLBY VISION/4K,DOLBY VISION,4K",1,lighthouse_pro_excel
卡拉马佐夫兄弟 (4K),卡拉马佐夫兄弟,2026-06-18,周四,18:30,22:19,229,150,黄浦剧场,中剧场,上海市北京东路780号（近贵州路）,4K,1,lighthouse_pro_excel
时间之主 (4K),时间之主,2026-06-18,周四,18:30,19:50,80,70,久事·上海商城剧院,剧院正厅,南京西路1376号上海商城4楼,4K,1,lighthouse_pro_excel
罹难登山客旅馆 (4K),罹难登山客旅馆,2026-06-18,周四,18:30,19:54,84,90,兰心大戏院,观众厅,茂名南路57号,4K,1,lighthouse_pro_excel
短片精选集3,短片精选集3,2026-06-18,周四,18:30,20:08,98,30,临港演艺中心,1号厅,中国（上海）自由贸易试验区临港新片区顶科路200号,,0,lighthouse_pro_excel
木瓜行纪,木瓜行纪,2026-06-18,周四,18:30,19:44,74,70,上海百丽宫影城（长宁来福士店）,3号厅,长宁路1123号七层701-703,,0,lighthouse_pro_excel
下水道,下水道,2026-06-18,周四,18:30,20:07,97,70,上海百丽宫影城（长宁来福士店）,LUXE厅,长宁路1123号七层701-703,LUXE,0,lighthouse_pro_excel
我的父亲是特工,我的父亲是特工,2026-06-18,周四,18:30,19:57,87,70,上海百丽宫影城（环贸iapm店）,6号厅,淮海中路999号L6-601,,0,lighthouse_pro_excel
破碎的声线 (4K),破碎的声线,2026-06-18,周四,18:30,20:18,108,70,上海百丽宫影城（陆家嘴中心店）,LUXE厅,浦东南路899号L+MALL商场10层（2号线东昌路、9号线商城路）,"4K,LUXE",1,lighthouse_pro_excel
总统的蛋糕 (4K),总统的蛋糕,2026-06-18,周四,18:30,20:16,106,70,上海百丽宫影城（万象城店）,CINITY LUXE巨幕厅,吴中路1599号L501商铺,"CINITY,4K,LUXE",1,lighthouse_pro_excel
血色机库 (4K),血色机库,2026-06-18,周四,18:30,19:53,83,70,上海百美汇影城（静安嘉里中心店）,4K激光1号厅,南京西路1551号嘉里中心N4-01,4K,1,lighthouse_pro_excel
别担心，爸爸！,别担心，爸爸！,2026-06-18,周四,18:30,19:58,88,70,上海大光明电影院,2号厅,南京西路216号,,0,lighthouse_pro_excel
车位,车位,2026-06-18,周四,18:30,19:55,85,70,上海大光明电影院,3号厅,南京西路216号,,0,lighthouse_pro_excel
姐，上马,姐，上马,2026-06-18,周四,18:30,20:05,95,70,上海科技影城,3号厅,南昌路59号1-3F,,0,lighthouse_pro_excel
戴珍珠耳环的少女,戴珍珠耳环的少女,2026-06-18,周四,18:30,20:07,97,90,上海美琪大戏院,观众厅,江宁路66号,,0,lighthouse_pro_excel
居巢,居巢,2026-06-18,周四,18:30,20:16,106,70,上海市沪北电影院,1号厅,洛川东路500号,,0,lighthouse_pro_excel
我们不是陌生人,我们不是陌生人,2026-06-18,周四,18:30,21:08,158,160,上海影城SHO,1号厅杜比剧场,新华路160号,,0,lighthouse_pro_excel
莉娜·冯·多伦动画短片合集,莉娜·冯·多伦动画短片合集,2026-06-18,周四,18:30,19:08,38,40,上海影城SHO,2号厅Onyx,新华路160号,ONYX,0,lighthouse_pro_excel
2026金爵奖真人短片合集 2,2026金爵奖真人短片合集 2,2026-06-18,周四,18:30,20:03,93,70,上海影城SHO,3号厅CINITY,新华路160号,CINITY,0,lighthouse_pro_excel
小小得月楼,小小得月楼,2026-06-18,周四,18:30,20:04,94,60,上海影城SHO,9号厅REALD CINEMA,新华路160号,,0,lighthouse_pro_excel
尤妮的婚途,尤妮的婚途,2026-06-18,周四,18:30,20:06,96,70,世纪友谊影城（LUXE南方商城店）,6号厅,沪闵路7250号百联南方二期9楼，万源路侧门电梯可直达,,0,lighthouse_pro_excel
加鲁达：勇敢去梦,加鲁达：勇敢去梦,2026-06-18,周四,18:30,19:49,79,70,天山电影院-虹桥艺术中心旗舰店,4号厅,天山路888号,,0,lighthouse_pro_excel
怦然心动,怦然心动,2026-06-18,周四,18:30,20:00,90,90,天山电影院-虹桥艺术中心旗舰店,剧院厅,天山路888号,,0,lighthouse_pro_excel
当哈利遇到莎莉 (4K),当哈利遇到莎莉,2026-06-18,周四,18:30,20:06,96,90,天山电影院-宛平剧院影城,1号厅,上海市徐汇区中山南二路859号,4K,1,lighthouse_pro_excel
我们是伯利恒 (4K),我们是伯利恒,2026-06-18,周四,18:30,20:18,108,70,星轶STARX影剧院（上海宝山日月光店）,5号厅,上海市宝山区沪太路1933号【K】区2层202,4K,1,lighthouse_pro_excel
本影行动 (XR),本影行动,2026-06-18,周四,19:30,20:27,57,70,佰映三克映画,2号ScreeningRoom厅,江宁路699号B1-60B,XR,0,lighthouse_pro_excel
匠心罪案：仙境谋杀案 (XR),匠心罪案：仙境谋杀案,2026-06-18,周四,20:00,20:20,20,70,佰映三克映画,5号厅,江宁路699号B1-60B,XR,0,lighthouse_pro_excel
无可奈何 (4K),无可奈何,2026-06-18,周四,20:40,22:59,139,90,CGV影城(白玉兰广场IMAX店),激光8号厅,东长治路588号上海白玉兰广场商业裙房3层11号铺位（东长治路近新建路）,4K,1,lighthouse_pro_excel
上帝不会帮忙,上帝不会帮忙,2026-06-18,周四,20:40,22:57,137,70,CMG融媒影城,4号厅（4K激光）,龙文路19号1-4层,4K,1,lighthouse_pro_excel
镜的第三乐章 (4K),镜的第三乐章,2026-06-18,周四,20:40,22:07,87,70,CMG融媒影城,8号厅（杜比全景声CINITY）,龙文路19号1-4层,"CINITY,4K",1,lighthouse_pro_excel
若昂·萨拉维扎真人短片合集,若昂·萨拉维扎真人短片合集,2026-06-18,周四,20:40,22:24,104,70,SFC上影百联影城（八佰伴IMAX店）,2号厅,张杨路501号10楼,,0,lighthouse_pro_excel
童梦如鸢 (4K),童梦如鸢,2026-06-18,周四,20:40,22:12,92,70,SFC上影影城（丁香路LUXE店）,5号LUXE巨幕厅,丁香路858号丁香国际三楼,"4K,LUXE",1,lighthouse_pro_excel
局外人,局外人,2026-06-18,周四,20:40,22:42,122,80,SFC上影影城（港汇永华IMAX激光店）,ONYX LED厅,虹桥路1号港汇广场6楼,ONYX,0,lighthouse_pro_excel
无界之环 (4K),无界之环,2026-06-18,周四,20:40,22:28,108,70,SFC上影影城（国华广场店）,1号LUXE巨幕厅,闸殷路1555号国华广场4楼,"4K,LUXE",1,lighthouse_pro_excel
晚餐,晚餐,2026-06-18,周四,20:40,22:27,107,70,SFC永华电影荟（世纪汇店）,CINITY2号厅,世纪大道1192号世纪汇广场5层022、6层 001号,CINITY,0,lighthouse_pro_excel
噬草者 (4K),噬草者,2026-06-18,周四,20:40,22:01,81,70,UME影城（上海新天地店）,ONYX LED 4K巨幕厅,兴业路123弄6-7号楼新天地时尚I座5楼（早10点之前与晚22点之后的顾客请从新天地时尚1马当路商场通道入口进入，祝您观影愉快！）,"4K,ONYX",1,lighthouse_pro_excel
500英里 (4K),500英里,2026-06-18,周四,20:40,22:22,102,70,佰映三克映画,LUXE厅,江宁路699号B1-60B,"4K,LUXE",1,lighthouse_pro_excel
英国病人,英国病人,2026-06-18,周四,20:40,23:22,162,90,曹杨影城,1号4K激光厅,兰溪路125号2楼,4K,1,lighthouse_pro_excel
提提卡失序记事 (4K),提提卡失序记事,2026-06-18,周四,20:40,22:04,84,70,朵云轩杜比全景声影城,1号厅,天钥桥路1188号5楼,4K,1,lighthouse_pro_excel
小芭舒 (4K),小芭舒,2026-06-18,周四,20:40,22:42,122,80,和平影都,二楼8号激光巨幕厅,西藏中路290号,4K,1,lighthouse_pro_excel
夏日躁动 (4K),夏日躁动,2026-06-18,周四,20:40,22:32,112,70,和平影都,五楼杜比全景声厅,西藏中路290号,4K,1,lighthouse_pro_excel
马拉加街夕阳红,马拉加街夕阳红,2026-06-18,周四,20:40,22:37,117,70,沪东工人文化宫东宫影剧院,1号厅,平凉路1500号(近宁国路),,0,lighthouse_pro_excel
蔷薇修剪术 (4K),蔷薇修剪术,2026-06-18,周四,20:40,22:15,95,50,嘉定影剧院,3号厅,城中路149号,4K,1,lighthouse_pro_excel
甘达星人 (4K),甘达星人,2026-06-18,周四,20:40,22:04,84,70,久事·上海商城剧院,剧院正厅,南京西路1376号上海商城4楼,4K,1,lighthouse_pro_excel
新不了情 (4K),新不了情,2026-06-18,周四,20:40,22:19,99,70,兰心大戏院,观众厅,茂名南路57号,4K,1,lighthouse_pro_excel
灰烬与钻石,灰烬与钻石,2026-06-18,周四,20:40,22:24,104,70,上海百丽宫影城（长宁来福士店）,LUXE厅,长宁路1123号七层701-703,LUXE,0,lighthouse_pro_excel
哈莉玛,哈莉玛,2026-06-18,周四,20:40,22:05,85,70,上海百丽宫影城（环贸iapm店）,6号厅,淮海中路999号L6-601,,0,lighthouse_pro_excel
蔑视 (4K),蔑视,2026-06-18,周四,20:40,22:24,104,70,上海百丽宫影城（万象城店）,CINITY LUXE巨幕厅,吴中路1599号L501商铺,"CINITY,4K,LUXE",1,lighthouse_pro_excel
魔女嘉莉 (4K),魔女嘉莉,2026-06-18,周四,20:40,22:18,98,90,上海大光明电影院,1号LUXE厅,南京西路216号,"4K,LUXE",1,lighthouse_pro_excel
她们的狂想曲 (4K),她们的狂想曲,2026-06-18,周四,20:40,22:02,82,70,上海大光明电影院,2号厅,南京西路216号,4K,1,lighthouse_pro_excel
疏散,疏散,2026-06-18,周四,20:40,22:02,82,70,上海大光明电影院,3号厅,南京西路216号,,0,lighthouse_pro_excel
无人看见的夜晚,无人看见的夜晚,2026-06-18,周四,20:40,22:11,91,70,上海科技影城,3号厅,南昌路59号1-3F,,0,lighthouse_pro_excel
生活多美好 (4K),生活多美好,2026-06-18,周四,20:40,22:51,131,90,上海美琪大戏院,观众厅,江宁路66号,4K,1,lighthouse_pro_excel
秋天年鉴,秋天年鉴,2026-06-18,周四,20:40,22:41,121,70,上海市沪北电影院,1号厅,洛川东路500号,,0,lighthouse_pro_excel
电视台风云 (4K),电视台风云,2026-06-18,周四,20:40,22:42,122,90,上海艺海剧院,大剧场,江宁路466号,4K,1,lighthouse_pro_excel
吉光,吉光,2026-06-18,周四,20:40,22:07,87,70,上海影城SHO,2号厅Onyx,新华路160号,ONYX,0,lighthouse_pro_excel
郊区的鸟,郊区的鸟,2026-06-18,周四,20:40,22:33,113,70,上海影城SHO,9号厅REALD CINEMA,新华路160号,,0,lighthouse_pro_excel
黑色电话2 (4K),黑色电话2,2026-06-18,周四,20:40,22:34,114,70,世纪友谊影城（LUXE南方商城店）,6号厅,沪闵路7250号百联南方二期9楼，万源路侧门电梯可直达,4K,1,lighthouse_pro_excel
创造人类 (4K),创造人类,2026-06-18,周四,20:40,23:17,157,70,天山电影院-虹桥艺术中心旗舰店,4号厅,天山路888号,4K,1,lighthouse_pro_excel
诅咒 (4K),诅咒,2026-06-18,周四,20:40,22:41,121,70,天山电影院-虹桥艺术中心旗舰店,剧院厅,天山路888号,4K,1,lighthouse_pro_excel
离开拉斯维加斯 (4K),离开拉斯维加斯,2026-06-18,周四,20:40,22:33,113,90,天山电影院-宛平剧院影城,1号厅,上海市徐汇区中山南二路859号,4K,1,lighthouse_pro_excel
爱上平行时空的你,爱上平行时空的你,2026-06-18,周四,20:40,22:20,100,70,星轶STARX影剧院（上海宝山日月光店）,5号厅,上海市宝山区沪太路1933号【K】区2层202,,0,lighthouse_pro_excel
神奇动物：邓布利多之谜 (4K),神奇动物：邓布利多之谜,2026-06-18,周四,21:00,23:23,143,50,九棵树未来艺术中心,大剧场,树桓路99号,4K,1,lighthouse_pro_excel
超级闹市,超级闹市,2026-06-18,周四,21:00,22:48,108,70,上海影城SHO,3号厅CINITY,新华路160号,CINITY,0,lighthouse_pro_excel
哈利·波特与凤凰社,哈利·波特与凤凰社,2026-06-19,周五,09:00,11:18,138,70,国泰电影院,2号厅,淮海中路870号,,0,lighthouse_pro_excel
哈利·波特与魔法石 (4K),哈利·波特与魔法石,2026-06-19,周五,09:00,11:33,153,70,沪东工人文化宫东宫影剧院,1号厅,平凉路1500号(近宁国路),4K,1,lighthouse_pro_excel
恩典 (4K),恩典,2026-06-19,周五,10:00,12:13,133,80,上海百丽宫影城（万象城店）,CINITY LUXE巨幕厅,吴中路1599号L501商铺,"CINITY,4K,LUXE",1,lighthouse_pro_excel
海上花 (4K),海上花,2026-06-19,周五,10:00,11:54,114,80,上海大光明电影院,1号LUXE厅,南京西路216号,"4K,LUXE",1,lighthouse_pro_excel
与王生活的男人,与王生活的男人,2026-06-19,周五,10:00,11:57,117,90,上海美琪大戏院,观众厅,江宁路66号,,0,lighthouse_pro_excel
南国再见，南国 (4K),南国再见，南国,2026-06-19,周五,10:00,11:53,113,90,上海影城SHO,1号厅杜比剧场,新华路160号,4K,1,lighthouse_pro_excel
星辰时刻,星辰时刻,2026-06-19,周五,10:00,11:38,98,70,上海影城SHO,3号厅CINITY,新华路160号,CINITY,0,lighthouse_pro_excel
战火,战火,2026-06-19,周五,10:00,12:06,126,70,天山电影院-虹桥艺术中心旗舰店,剧院厅,天山路888号,,0,lighthouse_pro_excel
爸妈不在家,爸妈不在家,2026-06-19,周五,10:30,12:10,100,70,曹杨影城,1号4K激光厅,兰溪路125号2楼,4K,1,lighthouse_pro_excel
影院灵缘,影院灵缘,2026-06-19,周五,10:30,12:09,99,70,久事·上海商城剧院,剧院正厅,南京西路1376号上海商城4楼,,0,lighthouse_pro_excel
诈死,诈死,2026-06-19,周五,10:30,12:07,97,70,上海百丽宫影城（陆家嘴中心店）,LUXE厅,浦东南路899号L+MALL商场10层（2号线东昌路、9号线商城路）,LUXE,0,lighthouse_pro_excel
云雀,云雀,2026-06-19,周五,10:30,11:56,86,70,上海影城SHO,2号厅Onyx,新华路160号,ONYX,0,lighthouse_pro_excel
匠心罪案：蒙娜丽莎劫案 (XR),匠心罪案：蒙娜丽莎劫案,2026-06-19,周五,11:00,11:20,20,70,佰映三克映画,5号厅,江宁路699号B1-60B,XR,0,lighthouse_pro_excel
张杰 未?LIVE -「开往1982」世界巡回演唱会北京鸟巢站 (XR),张杰 未?LIVE -「开往1982」世界巡回演唱会北京鸟巢站,2026-06-19,周五,11:30,12:10,40,70,佰映三克映画,2号ScreeningRoom厅,江宁路699号B1-60B,XR,0,lighthouse_pro_excel
哈利·波特与混血王子,哈利·波特与混血王子,2026-06-19,周五,12:00,14:34,154,70,国泰电影院,2号厅,淮海中路870号,,0,lighthouse_pro_excel
哈利·波特与密室 (4K),哈利·波特与密室,2026-06-19,周五,12:00,14:41,161,70,沪东工人文化宫东宫影剧院,1号厅,平凉路1500号(近宁国路),4K,1,lighthouse_pro_excel
哈利·波特与魔法石 (4K),哈利·波特与魔法石,2026-06-19,周五,12:00,14:33,153,50,九棵树未来艺术中心,大剧场,树桓路99号,4K,1,lighthouse_pro_excel
匠心罪案：蒙娜丽莎劫案 (XR),匠心罪案：蒙娜丽莎劫案,2026-06-19,周五,12:30,12:50,20,70,佰映三克映画,5号厅,江宁路699号B1-60B,XR,0,lighthouse_pro_excel
扣篮梦工厂 (4K),扣篮梦工厂,2026-06-19,周五,12:30,14:36,126,70,兰心大戏院,观众厅,茂名南路57号,4K,1,lighthouse_pro_excel
剧院魅影：25周年纪念演出,剧院魅影：25周年纪念演出,2026-06-19,周五,12:30,15:10,160,110,上海美琪大戏院,观众厅,江宁路66号,,0,lighthouse_pro_excel
桃色公寓 (4K),桃色公寓,2026-06-19,周五,12:30,14:36,126,90,上海影城SHO,1号厅杜比剧场,新华路160号,4K,1,lighthouse_pro_excel
董夫人 (4K),董夫人,2026-06-19,周五,12:30,14:07,97,80,上海影城SHO,3号厅CINITY,新华路160号,"CINITY,4K",1,lighthouse_pro_excel
双重赔偿 (4K),双重赔偿,2026-06-19,周五,12:30,14:18,108,90,天山电影院-虹桥艺术中心旗舰店,剧院厅,天山路888号,4K,1,lighthouse_pro_excel
新浪潮,新浪潮,2026-06-19,周五,13:00,14:46,106,80,CMG融媒影城,8号厅（杜比全景声CINITY）,龙文路19号1-4层,CINITY,0,lighthouse_pro_excel
黑暗之心,黑暗之心,2026-06-19,周五,13:00,14:24,84,70,SFC动漫主题影院（美罗城店）,4号厅,肇嘉浜路1111号美罗城5楼,,0,lighthouse_pro_excel
与吕美特同行的夏天,与吕美特同行的夏天,2026-06-19,周五,13:00,14:28,88,70,UME影城（上海新天地店）,ONYX LED 4K巨幕厅,兴业路123弄6-7号楼新天地时尚I座5楼（早10点之前与晚22点之后的顾客请从新天地时尚1马当路商场通道入口进入，祝您观影愉快！）,"4K,ONYX",1,lighthouse_pro_excel
张杰 未?LIVE -「开往1982」世界巡回演唱会北京鸟巢站 (XR),张杰 未?LIVE -「开往1982」世界巡回演唱会北京鸟巢站,2026-06-19,周五,13:00,13:40,40,70,佰映三克映画,2号ScreeningRoom厅,江宁路699号B1-60B,XR,0,lighthouse_pro_excel
动物园 (4K),动物园,2026-06-19,周五,13:00,15:11,131,70,曹杨影城,1号4K激光厅,兰溪路125号2楼,4K,1,lighthouse_pro_excel
发纸水谣,发纸水谣,2026-06-19,周五,13:00,14:12,72,70,朵云轩杜比全景声影城,1号厅,天钥桥路1188号5楼,,0,lighthouse_pro_excel
弗里达 (4K),弗里达,2026-06-19,周五,13:00,14:28,88,80,和平影都,五楼杜比全景声厅,西藏中路290号,4K,1,lighthouse_pro_excel
泡泡骑士珍宝,泡泡骑士珍宝,2026-06-19,周五,13:00,14:42,102,50,嘉定影剧院,3号厅,城中路149号,,0,lighthouse_pro_excel
罪与罚,罪与罚,2026-06-19,周五,13:00,14:34,94,80,久事·上海商城剧院,剧院正厅,南京西路1376号上海商城4楼,,0,lighthouse_pro_excel
重制 (4K),重制,2026-06-19,周五,13:00,14:57,117,70,上海百丽宫影城（长宁来福士店）,3号厅,长宁路1123号七层701-703,4K,1,lighthouse_pro_excel
猎人之月,猎人之月,2026-06-19,周五,13:00,14:39,99,70,上海百丽宫影城（环贸iapm店）,6号厅,淮海中路999号L6-601,,0,lighthouse_pro_excel
梦寻苏毗女儿国,梦寻苏毗女儿国,2026-06-19,周五,13:00,14:31,91,70,上海百丽宫影城（陆家嘴中心店）,LUXE厅,浦东南路899号L+MALL商场10层（2号线东昌路、9号线商城路）,LUXE,0,lighthouse_pro_excel
家庭生活,家庭生活,2026-06-19,周五,13:00,14:49,109,70,上海百丽宫影城（万象城店）,CINITY LUXE巨幕厅,吴中路1599号L501商铺,"CINITY,LUXE",0,lighthouse_pro_excel
无人看见的夜晚,无人看见的夜晚,2026-06-19,周五,13:00,14:31,91,70,上海百美汇影城（静安嘉里中心店）,4K激光1号厅,南京西路1551号嘉里中心N4-01,4K,1,lighthouse_pro_excel
拯救地球 (4K),拯救地球,2026-06-19,周五,13:00,14:59,119,80,上海大光明电影院,1号LUXE厅,南京西路216号,"4K,LUXE",1,lighthouse_pro_excel
海之子,海之子,2026-06-19,周五,13:00,14:18,78,70,上海大光明电影院,3号厅,南京西路216号,,0,lighthouse_pro_excel
贫民窟的百万富翁,贫民窟的百万富翁,2026-06-19,周五,13:00,14:56,116,90,上海市沪北电影院,1号厅,洛川东路500号,,0,lighthouse_pro_excel
当哈利遇到莎莉 (4K),当哈利遇到莎莉,2026-06-19,周五,13:00,14:36,96,90,上海艺海剧院,大剧场,江宁路466号,4K,1,lighthouse_pro_excel
寂静终点,寂静终点,2026-06-19,周五,13:00,14:10,70,70,上海影城SHO,2号厅Onyx,新华路160号,ONYX,0,lighthouse_pro_excel
开罗车站 (4K),开罗车站,2026-06-19,周五,13:00,14:17,77,80,天山电影院-虹桥艺术中心旗舰店,4号厅,天山路888号,4K,1,lighthouse_pro_excel
一代人,一代人,2026-06-19,周五,13:00,14:29,89,70,天山电影院-宛平剧院影城,1号厅,上海市徐汇区中山南二路859号,,0,lighthouse_pro_excel
匠心罪案：蒙娜丽莎劫案 (XR),匠心罪案：蒙娜丽莎劫案,2026-06-19,周五,14:00,14:20,20,70,佰映三克映画,5号厅,江宁路699号B1-60B,XR,0,lighthouse_pro_excel
张杰 未?LIVE -「开往1982」世界巡回演唱会北京鸟巢站 (XR),张杰 未?LIVE -「开往1982」世界巡回演唱会北京鸟巢站,2026-06-19,周五,14:30,15:10,40,70,佰映三克映画,2号ScreeningRoom厅,江宁路699号B1-60B,XR,0,lighthouse_pro_excel
哈利·波特与死亡圣器 (上）,哈利·波特与死亡圣器 (上）,2026-06-19,周五,15:00,17:27,147,70,国泰电影院,2号厅,淮海中路870号,,0,lighthouse_pro_excel
哈利·波特与密室 (4K),哈利·波特与密室,2026-06-19,周五,15:00,17:41,161,50,九棵树未来艺术中心,大剧场,树桓路99号,4K,1,lighthouse_pro_excel
党同伐异,党同伐异,2026-06-19,周五,15:00,17:48,168,80,兰心大戏院,观众厅,茂名南路57号,,0,lighthouse_pro_excel
不虚此行,不虚此行,2026-06-19,周五,15:00,17:00,120,60,上海百美汇影城（静安嘉里中心店）,4K激光1号厅,南京西路1551号嘉里中心N4-01,4K,1,lighthouse_pro_excel
心犬相随,心犬相随,2026-06-19,周五,15:00,17:21,141,70,上海影城SHO,1号厅杜比剧场,新华路160号,,0,lighthouse_pro_excel
纸盒藏迷,纸盒藏迷,2026-06-19,周五,15:00,17:08,128,70,上海影城SHO,3号厅CINITY,新华路160号,CINITY,0,lighthouse_pro_excel
中国乒乓之绝地反击,中国乒乓之绝地反击,2026-06-19,周五,15:00,17:18,138,30,上海影城SHO,9号厅REALD CINEMA,新华路160号,,0,lighthouse_pro_excel
走出非洲 (4K),走出非洲,2026-06-19,周五,15:00,17:41,161,100,天山电影院-虹桥艺术中心旗舰店,剧院厅,天山路888号,4K,1,lighthouse_pro_excel
鲸鱼马戏团 (4K),鲸鱼马戏团,2026-06-19,周五,15:30,17:57,147,70,CMG融媒影城,8号厅（杜比全景声CINITY）,龙文路19号1-4层,"CINITY,4K",1,lighthouse_pro_excel
莉娜·冯·多伦动画短片合集,莉娜·冯·多伦动画短片合集,2026-06-19,周五,15:30,16:08,38,40,SFC动漫主题影院（美罗城店）,4号厅,肇嘉浜路1111号美罗城5楼,,0,lighthouse_pro_excel
以救赎之名,以救赎之名,2026-06-19,周五,15:30,17:30,120,70,SFC上影百联影城（八佰伴IMAX店）,2号厅,张杨路501号10楼,,0,lighthouse_pro_excel
四减三,四减三,2026-06-19,周五,15:30,17:31,121,70,SFC上影影城（丁香路LUXE店）,5号LUXE巨幕厅,丁香路858号丁香国际三楼,LUXE,0,lighthouse_pro_excel
五战挂科钉牌王 (4K),五战挂科钉牌王,2026-06-19,周五,15:30,17:24,114,80,SFC上影影城（港汇永华IMAX激光店）,ONYX LED厅,虹桥路1号港汇广场6楼,"4K,ONYX",1,lighthouse_pro_excel
乱世孤儿 (4K),乱世孤儿,2026-06-19,周五,15:30,17:43,133,70,SFC上影影城（国华广场店）,1号LUXE巨幕厅,闸殷路1555号国华广场4楼,"4K,LUXE",1,lighthouse_pro_excel
2026金爵奖真人短片合集 2,2026金爵奖真人短片合集 2,2026-06-19,周五,15:30,17:03,93,70,SFC永华电影荟（世纪汇店）,CINITY2号厅,世纪大道1192号世纪汇广场5层022、6层 001号,CINITY,0,lighthouse_pro_excel
匠心罪案：蒙娜丽莎劫案 (XR),匠心罪案：蒙娜丽莎劫案,2026-06-19,周五,15:30,15:50,20,70,佰映三克映画,5号厅,江宁路699号B1-60B,XR,0,lighthouse_pro_excel
破晓微光,破晓微光,2026-06-19,周五,15:30,17:28,118,70,佰映三克映画,LUXE厅,江宁路699号B1-60B,LUXE,0,lighthouse_pro_excel
生活多美好 (4K),生活多美好,2026-06-19,周五,15:30,17:41,131,90,曹杨影城,1号4K激光厅,兰溪路125号2楼,4K,1,lighthouse_pro_excel
爱上平行时空的你,爱上平行时空的你,2026-06-19,周五,15:30,17:10,100,70,和平影都,二楼8号激光巨幕厅,西藏中路290号,,0,lighthouse_pro_excel
春树,春树,2026-06-19,周五,15:30,17:33,123,70,和平影都,五楼杜比全景声厅,西藏中路290号,,0,lighthouse_pro_excel
哈利·波特与阿兹卡班的囚徒,哈利·波特与阿兹卡班的囚徒,2026-06-19,周五,15:30,17:52,142,70,沪东工人文化宫东宫影剧院,1号厅,平凉路1500号(近宁国路),,0,lighthouse_pro_excel
好人寥寥 (4K),好人寥寥,2026-06-19,周五,15:30,17:48,138,100,黄浦剧场,中剧场,上海市北京东路780号（近贵州路）,4K,1,lighthouse_pro_excel
纽伦堡 (4K),纽伦堡,2026-06-19,周五,15:30,17:59,149,50,嘉定影剧院,3号厅,城中路149号,4K,1,lighthouse_pro_excel
狗阵,狗阵,2026-06-19,周五,15:30,17:26,116,70,久事·上海商城剧院,剧院正厅,南京西路1376号上海商城4楼,,0,lighthouse_pro_excel
短片精选集2,短片精选集2,2026-06-19,周五,15:30,17:16,106,70,上海百丽宫影城（长宁来福士店）,3号厅,长宁路1123号七层701-703,,0,lighthouse_pro_excel
无欲之人,无欲之人,2026-06-19,周五,15:30,17:27,117,70,上海百丽宫影城（长宁来福士店）,LUXE厅,长宁路1123号七层701-703,LUXE,0,lighthouse_pro_excel
短片精选集2,短片精选集2,2026-06-19,周五,15:30,17:16,106,70,上海百丽宫影城（环贸iapm店）,6号厅,淮海中路999号L6-601,,0,lighthouse_pro_excel
我是布莱克,我是布莱克,2026-06-19,周五,15:30,17:11,101,70,上海百丽宫影城（陆家嘴中心店）,LUXE厅,浦东南路899号L+MALL商场10层（2号线东昌路、9号线商城路）,LUXE,0,lighthouse_pro_excel
小孩与鹰,小孩与鹰,2026-06-19,周五,15:30,17:21,111,80,上海百丽宫影城（万象城店）,CINITY LUXE巨幕厅,吴中路1599号L501商铺,"CINITY,LUXE",0,lighthouse_pro_excel
笼民 (4K),笼民,2026-06-19,周五,15:30,17:55,145,80,上海大光明电影院,2号厅,南京西路216号,4K,1,lighthouse_pro_excel
逆女如山,逆女如山,2026-06-19,周五,15:30,17:25,115,70,上海大光明电影院,3号厅,南京西路216号,,0,lighthouse_pro_excel
父影之下,父影之下,2026-06-19,周五,15:30,17:03,93,70,上海科技影城,3号厅,南昌路59号1-3F,,0,lighthouse_pro_excel
父母姐弟 (4K),父母姐弟,2026-06-19,周五,15:30,17:21,111,80,上海美琪大戏院,观众厅,江宁路66号,4K,1,lighthouse_pro_excel
人工智能,人工智能,2026-06-19,周五,15:30,17:56,146,100,上海市沪北电影院,1号厅,洛川东路500号,,0,lighthouse_pro_excel
爱情是狗娘 (4K),爱情是狗娘,2026-06-19,周五,15:30,18:05,155,110,上海艺海剧院,大剧场,江宁路466号,4K,1,lighthouse_pro_excel
2026金爵奖真人短片合集 1,2026金爵奖真人短片合集 1,2026-06-19,周五,15:30,17:05,95,70,上海影城SHO,2号厅Onyx,新华路160号,ONYX,0,lighthouse_pro_excel
弗里德里希大街站的英雄,弗里德里希大街站的英雄,2026-06-19,周五,15:30,17:24,114,70,世纪友谊影城（LUXE南方商城店）,6号厅,沪闵路7250号百联南方二期9楼，万源路侧门电梯可直达,,0,lighthouse_pro_excel
日光之下 (4K),日光之下,2026-06-19,周五,15:30,17:16,106,70,天山电影院-虹桥艺术中心旗舰店,4号厅,天山路888号,4K,1,lighthouse_pro_excel
下水道,下水道,2026-06-19,周五,15:30,17:07,97,70,天山电影院-宛平剧院影城,1号厅,上海市徐汇区中山南二路859号,,0,lighthouse_pro_excel
九庙上天堂,九庙上天堂,2026-06-19,周五,15:30,17:51,141,80,星轶STARX影剧院（上海宝山日月光店）,5号厅,上海市宝山区沪太路1933号【K】区2层202,,0,lighthouse_pro_excel
百里挑一,百里挑一,2026-06-19,周五,16:00,17:43,103,70,CGV影城(白玉兰广场IMAX店),激光8号厅,东长治路588号上海白玉兰广场商业裙房3层11号铺位（东长治路近新建路）,,0,lighthouse_pro_excel
张杰 未?LIVE -「开往1982」世界巡回演唱会北京鸟巢站 (XR),张杰 未?LIVE -「开往1982」世界巡回演唱会北京鸟巢站,2026-06-19,周五,16:00,16:40,40,70,佰映三克映画,2号ScreeningRoom厅,江宁路699号B1-60B,XR,0,lighthouse_pro_excel
匠心罪案：蒙娜丽莎劫案 (XR),匠心罪案：蒙娜丽莎劫案,2026-06-19,周五,17:00,17:20,20,70,佰映三克映画,5号厅,江宁路699号B1-60B,XR,0,lighthouse_pro_excel
张杰 未?LIVE -「开往1982」世界巡回演唱会北京鸟巢站 (XR),张杰 未?LIVE -「开往1982」世界巡回演唱会北京鸟巢站,2026-06-19,周五,17:30,18:10,40,70,佰映三克映画,2号ScreeningRoom厅,江宁路699号B1-60B,XR,0,lighthouse_pro_excel
爸爸,爸爸,2026-06-19,周五,18:00,20:10,130,70,CGV影城(白玉兰广场IMAX店),激光8号厅,东长治路588号上海白玉兰广场商业裙房3层11号铺位（东长治路近新建路）,,0,lighthouse_pro_excel
哀乐中年 (4K),哀乐中年,2026-06-19,周五,18:00,19:50,110,70,SFC上影影城（港汇永华IMAX激光店）,ONYX LED厅,虹桥路1号港汇广场6楼,"4K,ONYX",1,lighthouse_pro_excel
哈利·波特与死亡圣器 (下）,哈利·波特与死亡圣器 (下）,2026-06-19,周五,18:00,20:11,131,70,国泰电影院,2号厅,淮海中路870号,,0,lighthouse_pro_excel
哈利·波特与阿兹卡班的囚徒,哈利·波特与阿兹卡班的囚徒,2026-06-19,周五,18:00,20:22,142,50,九棵树未来艺术中心,大剧场,树桓路99号,,0,lighthouse_pro_excel
满盘皆忙,满盘皆忙,2026-06-19,周五,18:00,19:49,109,70,上海百丽宫影城（长宁来福士店）,3号厅,长宁路1123号七层701-703,,0,lighthouse_pro_excel
疏散,疏散,2026-06-19,周五,18:00,19:22,82,70,上海百丽宫影城（环贸iapm店）,6号厅,淮海中路999号L6-601,,0,lighthouse_pro_excel
恋恋山城 (4K),恋恋山城,2026-06-19,周五,18:00,20:02,122,90,上海美琪大戏院,观众厅,江宁路66号,4K,1,lighthouse_pro_excel
东方之虎 (4K),东方之虎,2026-06-19,周五,18:00,19:31,91,70,上海影城SHO,2号厅Onyx,新华路160号,"4K,ONYX",1,lighthouse_pro_excel
山中来客 (4K),山中来客,2026-06-19,周五,18:00,19:49,109,70,上海影城SHO,3号厅CINITY,新华路160号,"CINITY,4K",1,lighthouse_pro_excel
大西洋,大西洋,2026-06-19,周五,18:00,19:42,102,70,上海影城SHO,9号厅REALD CINEMA,新华路160号,,0,lighthouse_pro_excel
暗夜哨声,暗夜哨声,2026-06-19,周五,18:00,19:49,109,70,天山电影院-虹桥艺术中心旗舰店,4号厅,天山路888号,,0,lighthouse_pro_excel
开天辟地,开天辟地,2026-06-19,周五,18:30,21:19,169,30,CGV影城（青浦天空万科广场IMAX店）,8号激光厅,徐泾镇崧泽大道2229弄天空万科广场3楼CGV影城,,0,lighthouse_pro_excel
短片精选集1,短片精选集1,2026-06-19,周五,18:30,19:58,88,30,CGV影城（松江印象城杜比ULTRA 4DX店）,6号厅,广富林路1788弄松江印象城4层L419,,0,lighthouse_pro_excel
蒙比公主的回忆 (4K),蒙比公主的回忆,2026-06-19,周五,18:30,19:51,81,70,CMG融媒影城,4号厅（4K激光）,龙文路19号1-4层,4K,1,lighthouse_pro_excel
尼娜与萝扎,尼娜与萝扎,2026-06-19,周五,18:30,20:14,104,70,CMG融媒影城,8号厅（杜比全景声CINITY）,龙文路19号1-4层,CINITY,0,lighthouse_pro_excel
头号玩家 (IMAX 3D/4K),头号玩家,2026-06-19,周五,18:30,20:51,141,110,MOViE MOViE 影城（前滩太古里店）,激光IMAX厅,东育路500弄1-9号前滩太古里石区L3层S-L3-13,"IMAX,4K,3D",1,lighthouse_pro_excel
小羊肖恩2：末日农场,小羊肖恩2：末日农场,2026-06-19,周五,18:30,19:57,87,70,SFC动漫主题影院（美罗城店）,4号厅,肇嘉浜路1111号美罗城5楼,,0,lighthouse_pro_excel
海底沙漠,海底沙漠,2026-06-19,周五,18:30,20:06,96,70,SFC上影百联影城（八佰伴IMAX店）,2号厅,张杨路501号10楼,,0,lighthouse_pro_excel
被遗忘的树之歌,被遗忘的树之歌,2026-06-19,周五,18:30,19:48,78,70,SFC上影影城（丁香路LUXE店）,5号LUXE巨幕厅,丁香路858号丁香国际三楼,LUXE,0,lighthouse_pro_excel
网红宝贝我是谁 (4K),网红宝贝我是谁,2026-06-19,周五,18:30,20:09,99,70,SFC上影影城（国华广场店）,1号LUXE巨幕厅,闸殷路1555号国华广场4楼,"4K,LUXE",1,lighthouse_pro_excel
鹈鹕的故事,鹈鹕的故事,2026-06-19,周五,18:30,19:59,89,70,SFC永华电影荟（世纪汇店）,CINITY2号厅,世纪大道1192号世纪汇广场5层022、6层 001号,CINITY,0,lighthouse_pro_excel
创造人类 (4K),创造人类,2026-06-19,周五,18:30,21:07,157,70,SFC永华电影荟（世纪汇店）,CRYSTAL ONE LED1号厅,世纪大道1192号世纪汇广场5层022、6层 001号,4K,1,lighthouse_pro_excel
布玛,布玛,2026-06-19,周五,18:30,20:30,120,70,UME影城（上海新天地店）,ONYX LED 4K巨幕厅,兴业路123弄6-7号楼新天地时尚I座5楼（早10点之前与晚22点之后的顾客请从新天地时尚1马当路商场通道入口进入，祝您观影愉快！）,"4K,ONYX",1,lighthouse_pro_excel
匠心罪案：蒙娜丽莎劫案 (XR),匠心罪案：蒙娜丽莎劫案,2026-06-19,周五,18:30,18:50,20,70,佰映三克映画,5号厅,江宁路699号B1-60B,XR,0,lighthouse_pro_excel
生日快乐,生日快乐,2026-06-19,周五,18:30,20:02,92,70,佰映三克映画,LUXE厅,江宁路699号B1-60B,LUXE,0,lighthouse_pro_excel
传奇：演唱的猫王 (IMAX/4K),传奇：演唱的猫王,2026-06-19,周五,18:30,20:08,98,120,博悦汇影城（BFC外滩金融中心店）,8号IMAX厅,中山东二路600号（近枫泾路）地下1层02单元、地下2层02单元,"IMAX/4K,IMAX,4K",1,lighthouse_pro_excel
绚烂一刻 (4K),绚烂一刻,2026-06-19,周五,18:30,20:13,103,70,曹杨影城,1号4K激光厅,兰溪路125号2楼,4K,1,lighthouse_pro_excel
轮迹浮生,轮迹浮生,2026-06-19,周五,18:30,19:51,81,70,朵云轩杜比全景声影城,1号厅,天钥桥路1188号5楼,,0,lighthouse_pro_excel
安娜·玛尼亚尼的传奇人生,安娜·玛尼亚尼的传奇人生,2026-06-19,周五,18:30,20:28,118,70,和平影都,二楼8号激光巨幕厅,西藏中路290号,,0,lighthouse_pro_excel
摇滚万万岁2 (4K),摇滚万万岁2,2026-06-19,周五,18:30,19:54,84,70,和平影都,五楼杜比全景声厅,西藏中路290号,4K,1,lighthouse_pro_excel
哈利·波特与火焰杯,哈利·波特与火焰杯,2026-06-19,周五,18:30,21:07,157,70,沪东工人文化宫东宫影剧院,1号厅,平凉路1500号(近宁国路),,0,lighthouse_pro_excel
冲破黑暗谷 (IMAX/4K),冲破黑暗谷,2026-06-19,周五,18:30,20:23,113,110,寰映影城（大融城店）,1号IMAX厅,沪太路1111弄10号3层L328室,"IMAX/4K,IMAX,4K",1,lighthouse_pro_excel
无可奈何 (DOLBY VISION/4K),无可奈何,2026-06-19,周五,18:30,20:49,139,110,寰映影城（大融城店）,3号厅（杜比影院）,沪太路1111弄10号3层L328室,"DOLBY VISION/4K,DOLBY VISION,4K",1,lighthouse_pro_excel
马塞尔·帕尼奥尔的华丽人生,马塞尔·帕尼奥尔的华丽人生,2026-06-19,周五,18:30,20:01,91,70,黄浦剧场,中剧场,上海市北京东路780号（近贵州路）,,0,lighthouse_pro_excel
我住在凡尔赛的日子,我住在凡尔赛的日子,2026-06-19,周五,18:30,19:52,82,50,嘉定影剧院,3号厅,城中路149号,,0,lighthouse_pro_excel
夺魂索 (4K),夺魂索,2026-06-19,周五,18:30,19:51,81,90,久事·上海商城剧院,剧院正厅,南京西路1376号上海商城4楼,4K,1,lighthouse_pro_excel
寻找薇薇安·迈尔,寻找薇薇安·迈尔,2026-06-19,周五,18:30,19:54,84,80,兰心大戏院,观众厅,茂名南路57号,,0,lighthouse_pro_excel
咕咕呱呱 (4K),咕咕呱呱,2026-06-19,周五,18:30,20:08,98,70,上海百丽宫影城（长宁来福士店）,LUXE厅,长宁路1123号七层701-703,"4K,LUXE",1,lighthouse_pro_excel
局外人之名,局外人之名,2026-06-19,周五,18:30,20:17,107,70,上海百丽宫影城（陆家嘴中心店）,LUXE厅,浦东南路899号L+MALL商场10层（2号线东昌路、9号线商城路）,LUXE,0,lighthouse_pro_excel
屋顶,屋顶,2026-06-19,周五,18:30,20:08,98,70,上海百丽宫影城（万象城店）,CINITY LUXE巨幕厅,吴中路1599号L501商铺,"CINITY,LUXE",0,lighthouse_pro_excel
新钱游戏 (4K),新钱游戏,2026-06-19,周五,18:30,20:11,101,70,上海百美汇影城（静安嘉里中心店）,4K激光1号厅,南京西路1551号嘉里中心N4-01,4K,1,lighthouse_pro_excel
怦然心动,怦然心动,2026-06-19,周五,18:30,20:00,90,90,上海大光明电影院,1号LUXE厅,南京西路216号,LUXE,0,lighthouse_pro_excel
路易莎的沙漠 (4K),路易莎的沙漠,2026-06-19,周五,18:30,20:11,101,70,上海大光明电影院,2号厅,南京西路216号,4K,1,lighthouse_pro_excel
大地双星,大地双星,2026-06-19,周五,18:30,19:57,87,70,上海大光明电影院,3号厅,南京西路216号,,0,lighthouse_pro_excel
巴山夜雨,巴山夜雨,2026-06-19,周五,18:30,19:54,84,60,上海科技影城,3号厅,南昌路59号1-3F,,0,lighthouse_pro_excel
危情十日 (4K),危情十日,2026-06-19,周五,18:30,20:18,108,90,上海市沪北电影院,1号厅,洛川东路500号,4K,1,lighthouse_pro_excel
遗愿清单,遗愿清单,2026-06-19,周五,18:30,20:07,97,90,上海艺海剧院,大剧场,江宁路466号,,0,lighthouse_pro_excel
寂静的朋友,寂静的朋友,2026-06-19,周五,18:30,20:57,147,160,上海影城SHO,1号厅杜比剧场,新华路160号,,0,lighthouse_pro_excel
幻时之境,幻时之境,2026-06-19,周五,18:30,20:04,94,70,世纪友谊影城（LUXE南方商城店）,6号厅,沪闵路7250号百联南方二期9楼，万源路侧门电梯可直达,,0,lighthouse_pro_excel
失去的周末,失去的周末,2026-06-19,周五,18:30,20:11,101,70,天山电影院-虹桥艺术中心旗舰店,剧院厅,天山路888号,,0,lighthouse_pro_excel
灰烬与钻石,灰烬与钻石,2026-06-19,周五,18:30,20:14,104,70,天山电影院-宛平剧院影城,1号厅,上海市徐汇区中山南二路859号,,0,lighthouse_pro_excel
智取威虎山,智取威虎山,2026-06-19,周五,18:30,20:53,143,30,万达影城（崇明万达广场店）,1号厅,城桥镇崇明大道8388号3F-A室,,0,lighthouse_pro_excel
巴山夜雨,巴山夜雨,2026-06-19,周五,18:30,19:54,84,30,万达影城（金山万达广场店）,5号厅,龙皓路1088号万达广场四楼,,0,lighthouse_pro_excel
对比：肯·洛奇的生活和影片,对比：肯·洛奇的生活和影片,2026-06-19,周五,18:30,20:00,90,70,星轶STARX影剧院（上海宝山日月光店）,5号厅,上海市宝山区沪太路1933号【K】区2层202,,0,lighthouse_pro_excel
张杰 未?LIVE -「开往1982」世界巡回演唱会北京鸟巢站 (XR),张杰 未?LIVE -「开往1982」世界巡回演唱会北京鸟巢站,2026-06-19,周五,19:00,19:40,40,70,佰映三克映画,2号ScreeningRoom厅,江宁路699号B1-60B,XR,0,lighthouse_pro_excel
匠心罪案：蒙娜丽莎劫案 (XR),匠心罪案：蒙娜丽莎劫案,2026-06-19,周五,20:00,20:20,20,70,佰映三克映画,5号厅,江宁路699号B1-60B,XR,0,lighthouse_pro_excel
张杰 未?LIVE -「开往1982」世界巡回演唱会北京鸟巢站 (XR),张杰 未?LIVE -「开往1982」世界巡回演唱会北京鸟巢站,2026-06-19,周五,20:30,21:10,40,70,佰映三克映画,2号ScreeningRoom厅,江宁路699号B1-60B,XR,0,lighthouse_pro_excel
吉光,吉光,2026-06-19,周五,20:40,22:07,87,70,CMG融媒影城,4号厅（4K激光）,龙文路19号1-4层,4K,1,lighthouse_pro_excel
三级警戒 (4K),三级警戒,2026-06-19,周五,20:40,22:20,100,70,CMG融媒影城,8号厅（杜比全景声CINITY）,龙文路19号1-4层,"CINITY,4K",1,lighthouse_pro_excel
加鲁达：勇敢去梦,加鲁达：勇敢去梦,2026-06-19,周五,20:40,21:59,79,70,SFC动漫主题影院（美罗城店）,4号厅,肇嘉浜路1111号美罗城5楼,,0,lighthouse_pro_excel
投诉编号713317,投诉编号713317,2026-06-19,周五,20:40,22:02,82,70,SFC上影百联影城（八佰伴IMAX店）,2号厅,张杨路501号10楼,,0,lighthouse_pro_excel
迷失的露西 (4K),迷失的露西,2026-06-19,周五,20:40,22:10,90,70,SFC上影影城（丁香路LUXE店）,5号LUXE巨幕厅,丁香路858号丁香国际三楼,"4K,LUXE",1,lighthouse_pro_excel
超级闹市,超级闹市,2026-06-19,周五,20:40,22:28,108,70,SFC上影影城（港汇永华IMAX激光店）,ONYX LED厅,虹桥路1号港汇广场6楼,ONYX,0,lighthouse_pro_excel
破碎的声线 (4K),破碎的声线,2026-06-19,周五,20:40,22:28,108,70,SFC上影影城（国华广场店）,1号LUXE巨幕厅,闸殷路1555号国华广场4楼,"4K,LUXE",1,lighthouse_pro_excel
若昂·萨拉维扎真人短片合集,若昂·萨拉维扎真人短片合集,2026-06-19,周五,20:40,22:24,104,70,SFC永华电影荟（世纪汇店）,CINITY2号厅,世纪大道1192号世纪汇广场5层022、6层 001号,CINITY,0,lighthouse_pro_excel
暗夜哨声,暗夜哨声,2026-06-19,周五,20:40,22:29,109,70,佰映三克映画,LUXE厅,江宁路699号B1-60B,LUXE,0,lighthouse_pro_excel
蔑视 (4K),蔑视,2026-06-19,周五,20:40,22:24,104,70,曹杨影城,1号4K激光厅,兰溪路125号2楼,4K,1,lighthouse_pro_excel
罗伯托·罗西里尼：即兴人生,罗伯托·罗西里尼：即兴人生,2026-06-19,周五,20:40,22:07,87,70,朵云轩杜比全景声影城,1号厅,天钥桥路1188号5楼,,0,lighthouse_pro_excel
无名,无名,2026-06-19,周五,20:40,22:48,128,60,国泰电影院,2号厅,淮海中路870号,,0,lighthouse_pro_excel
红色娘子军 (4K),红色娘子军,2026-06-19,周五,20:40,22:37,117,60,和平影都,二楼8号激光巨幕厅,西藏中路290号,4K,1,lighthouse_pro_excel
马拉加街夕阳红,马拉加街夕阳红,2026-06-19,周五,20:40,22:37,117,70,和平影都,五楼杜比全景声厅,西藏中路290号,,0,lighthouse_pro_excel
黑色电话2 (4K),黑色电话2,2026-06-19,周五,20:40,22:34,114,70,黄浦剧场,中剧场,上海市北京东路780号（近贵州路）,4K,1,lighthouse_pro_excel
新不了情 (4K),新不了情,2026-06-19,周五,20:40,22:19,99,50,嘉定影剧院,3号厅,城中路149号,4K,1,lighthouse_pro_excel
英国病人,英国病人,2026-06-19,周五,20:40,23:22,162,90,久事·上海商城剧院,剧院正厅,南京西路1376号上海商城4楼,,0,lighthouse_pro_excel
提提卡失序记事 (4K),提提卡失序记事,2026-06-19,周五,20:40,22:04,84,70,兰心大戏院,观众厅,茂名南路57号,4K,1,lighthouse_pro_excel
关于母亲 (4K),关于母亲,2026-06-19,周五,20:40,22:04,84,70,上海百丽宫影城（长宁来福士店）,3号厅,长宁路1123号七层701-703,4K,1,lighthouse_pro_excel
禁忌：埃贡?席勒,禁忌：埃贡?席勒,2026-06-19,周五,20:40,22:11,91,70,上海百丽宫影城（陆家嘴中心店）,LUXE厅,浦东南路899号L+MALL商场10层（2号线东昌路、9号线商城路）,LUXE,0,lighthouse_pro_excel
茫然女王 (4K),茫然女王,2026-06-19,周五,20:40,22:42,122,90,上海百丽宫影城（万象城店）,CINITY LUXE巨幕厅,吴中路1599号L501商铺,"CINITY,4K,LUXE",1,lighthouse_pro_excel
无界之环 (4K),无界之环,2026-06-19,周五,20:40,22:28,108,70,上海百美汇影城（静安嘉里中心店）,4K激光1号厅,南京西路1551号嘉里中心N4-01,4K,1,lighthouse_pro_excel
飞越疯人院（4K）,飞越疯人院,2026-06-19,周五,20:40,22:55,135,90,上海大光明电影院,1号LUXE厅,南京西路216号,"4K,LUXE",1,lighthouse_pro_excel
天仙配 (4K),天仙配,2026-06-19,周五,20:40,22:21,101,60,上海大光明电影院,2号厅,南京西路216号,4K,1,lighthouse_pro_excel
娜西莎的遗愿,娜西莎的遗愿,2026-06-19,周五,20:40,22:05,85,70,上海大光明电影院,3号厅,南京西路216号,,0,lighthouse_pro_excel
甘泉玛侬 (4K),甘泉玛侬,2026-06-19,周五,20:40,22:34,114,90,上海美琪大戏院,观众厅,江宁路66号,4K,1,lighthouse_pro_excel
地下情,地下情,2026-06-19,周五,20:40,22:18,98,80,上海市沪北电影院,1号厅,洛川东路500号,,0,lighthouse_pro_excel
诅咒 (4K),诅咒,2026-06-19,周五,20:40,22:41,121,70,上海艺海剧院,大剧场,江宁路466号,4K,1,lighthouse_pro_excel
语文的滋味,语文的滋味,2026-06-19,周五,20:40,22:27,107,70,上海影城SHO,2号厅Onyx,新华路160号,ONYX,0,lighthouse_pro_excel
轮迹浮生,轮迹浮生,2026-06-19,周五,20:40,22:01,81,70,上海影城SHO,3号厅CINITY,新华路160号,CINITY,0,lighthouse_pro_excel
那山那人那狗,那山那人那狗,2026-06-19,周五,20:40,22:09,89,60,上海影城SHO,9号厅REALD CINEMA,新华路160号,,0,lighthouse_pro_excel
麦哲伦 (4K),麦哲伦,2026-06-19,周五,20:40,23:23,163,90,世纪友谊影城（LUXE南方商城店）,6号厅,沪闵路7250号百联南方二期9楼，万源路侧门电梯可直达,4K,1,lighthouse_pro_excel
触不可及 (4K),触不可及,2026-06-19,周五,20:40,23:09,149,70,天山电影院-虹桥艺术中心旗舰店,4号厅,天山路888号,4K,1,lighthouse_pro_excel
热情如火 (4K),热情如火,2026-06-19,周五,20:40,22:43,123,90,天山电影院-虹桥艺术中心旗舰店,剧院厅,天山路888号,4K,1,lighthouse_pro_excel
宿敌,宿敌,2026-06-19,周五,20:40,22:11,91,70,天山电影院-宛平剧院影城,1号厅,上海市徐汇区中山南二路859号,,0,lighthouse_pro_excel
魔女嘉莉 (4K),魔女嘉莉,2026-06-19,周五,20:40,22:18,98,90,星轶STARX影剧院（上海宝山日月光店）,5号厅,上海市宝山区沪太路1933号【K】区2层202,4K,1,lighthouse_pro_excel
她回来的那天,她回来的那天,2026-06-19,周五,21:00,22:25,85,70,CGV影城(白玉兰广场IMAX店),激光8号厅,东长治路588号上海白玉兰广场商业裙房3层11号铺位（东长治路近新建路）,,0,lighthouse_pro_excel
哈利·波特与火焰杯,哈利·波特与火焰杯,2026-06-19,周五,21:00,23:37,157,50,九棵树未来艺术中心,大剧场,树桓路99号,,0,lighthouse_pro_excel
我最后的家宴,我最后的家宴,2026-06-19,周五,21:00,22:56,116,70,上海百丽宫影城（长宁来福士店）,LUXE厅,长宁路1123号七层701-703,LUXE,0,lighthouse_pro_excel
张杰 未?LIVE -「开往1982」世界巡回演唱会北京鸟巢站 (XR),张杰 未?LIVE -「开往1982」世界巡回演唱会北京鸟巢站,2026-06-19,周五,21:30,22:10,40,70,佰映三克映画,2号ScreeningRoom厅,江宁路699号B1-60B,XR,0,lighthouse_pro_excel
撒旦探戈 (4K),撒旦探戈,2026-06-19,周五,23:30,06:50,440,240,上海影城SHO,3号厅CINITY,新华路160号,"CINITY,4K",1,lighthouse_pro_excel
哈利·波特与凤凰社,哈利·波特与凤凰社,2026-06-20,周六,09:00,11:18,138,70,沪东工人文化宫东宫影剧院,1号厅,平凉路1500号(近宁国路),,0,lighthouse_pro_excel
寂静的朋友,寂静的朋友,2026-06-20,周六,10:00,12:27,147,70,上海百丽宫影城（陆家嘴中心店）,LUXE厅,浦东南路899号L+MALL商场10层（2号线东昌路、9号线商城路）,LUXE,0,lighthouse_pro_excel
科隆女孩,科隆女孩,2026-06-20,周六,10:00,11:57,117,70,上海百丽宫影城（万象城店）,CINITY LUXE巨幕厅,吴中路1599号L501商铺,"CINITY,LUXE",0,lighthouse_pro_excel
小孩与鹰,小孩与鹰,2026-06-20,周六,10:00,11:51,111,80,上海美琪大戏院,观众厅,江宁路66号,,0,lighthouse_pro_excel
纸盒藏迷,纸盒藏迷,2026-06-20,周六,10:00,12:08,128,70,上海影城SHO,2号厅Onyx,新华路160号,ONYX,0,lighthouse_pro_excel
大西洋,大西洋,2026-06-20,周六,10:30,12:12,102,70,CGV影城(白玉兰广场IMAX店),激光8号厅,东长治路588号上海白玉兰广场商业裙房3层11号铺位（东长治路近新建路）,,0,lighthouse_pro_excel
新浪潮,新浪潮,2026-06-20,周六,10:30,12:16,106,80,久事·上海商城剧院,剧院正厅,南京西路1376号上海商城4楼,,0,lighthouse_pro_excel
与王生活的男人,与王生活的男人,2026-06-20,周六,10:30,12:27,117,90,天山电影院-虹桥艺术中心旗舰店,剧院厅,天山路888号,,0,lighthouse_pro_excel
哈利·波特与混血王子,哈利·波特与混血王子,2026-06-20,周六,12:00,14:34,154,70,沪东工人文化宫东宫影剧院,1号厅,平凉路1500号(近宁国路),,0,lighthouse_pro_excel
哈利·波特与凤凰社,哈利·波特与凤凰社,2026-06-20,周六,12:00,14:18,138,50,九棵树未来艺术中心,大剧场,树桓路99号,,0,lighthouse_pro_excel
走出非洲 (4K),走出非洲,2026-06-20,周六,12:00,14:41,161,100,上海艺海剧院,大剧场,江宁路466号,4K,1,lighthouse_pro_excel
我们是伯利恒 (4K),我们是伯利恒,2026-06-20,周六,12:30,14:18,108,70,UME影城（上海新天地店）,ONYX LED 4K巨幕厅,兴业路123弄6-7号楼新天地时尚I座5楼（早10点之前与晚22点之后的顾客请从新天地时尚1马当路商场通道入口进入，祝您观影愉快！）,"4K,ONYX",1,lighthouse_pro_excel
无可奈何 (4K),无可奈何,2026-06-20,周六,12:30,14:49,139,90,曹杨影城,1号4K激光厅,兰溪路125号2楼,4K,1,lighthouse_pro_excel
神奇动物在哪里 (3D),神奇动物在哪里,2026-06-20,周六,12:30,14:43,133,70,国泰电影院,2号厅,淮海中路870号,3D,0,lighthouse_pro_excel
生活多美好 (4K),生活多美好,2026-06-20,周六,12:30,14:41,131,90,上海大光明电影院,1号LUXE厅,南京西路216号,"4K,LUXE",1,lighthouse_pro_excel
莫扎特传 (4K),莫扎特传,2026-06-20,周六,12:30,15:11,161,100,上海美琪大戏院,观众厅,江宁路66号,4K,1,lighthouse_pro_excel
勒克瑙之花 (4K),勒克瑙之花,2026-06-20,周六,12:30,14:56,146,80,上海市沪北电影院,1号厅,洛川东路500号,4K,1,lighthouse_pro_excel
剧院魅影：25周年纪念演出,剧院魅影：25周年纪念演出,2026-06-20,周六,12:30,15:10,160,110,上海影城SHO,1号厅杜比剧场,新华路160号,,0,lighthouse_pro_excel
短片精选集1,短片精选集1,2026-06-20,周六,13:00,14:28,88,70,CMG融媒影城,4号厅（4K激光）,龙文路19号1-4层,4K,1,lighthouse_pro_excel
2026 金爵奖动画短片合集,2026 金爵奖动画短片合集,2026-06-20,周六,13:00,14:02,62,70,SFC动漫主题影院（美罗城店）,4号厅,肇嘉浜路1111号美罗城5楼,,0,lighthouse_pro_excel
内华达之瑰 (4K),内华达之瑰,2026-06-20,周六,13:00,14:55,115,70,SFC上影影城（丁香路LUXE店）,5号LUXE巨幕厅,丁香路858号丁香国际三楼,"4K,LUXE",1,lighthouse_pro_excel
海洋,海洋,2026-06-20,周六,13:00,14:44,104,80,朵云轩杜比全景声影城,1号厅,天钥桥路1188号5楼,,0,lighthouse_pro_excel
伴我同行 (4K),伴我同行,2026-06-20,周六,13:00,14:29,89,90,久事·上海商城剧院,剧院正厅,南京西路1376号上海商城4楼,4K,1,lighthouse_pro_excel
罪与罚,罪与罚,2026-06-20,周六,13:00,14:34,94,80,兰心大戏院,观众厅,茂名南路57号,,0,lighthouse_pro_excel
恶搞大片 (4K),恶搞大片,2026-06-20,周六,13:00,14:30,90,70,上海百丽宫影城（长宁来福士店）,3号厅,长宁路1123号七层701-703,4K,1,lighthouse_pro_excel
沙之城市 (4K),沙之城市,2026-06-20,周六,13:00,14:39,99,80,上海百丽宫影城（长宁来福士店）,LUXE厅,长宁路1123号七层701-703,"4K,LUXE",1,lighthouse_pro_excel
云雀,云雀,2026-06-20,周六,13:00,14:26,86,70,上海百丽宫影城（环贸iapm店）,6号厅,淮海中路999号L6-601,,0,lighthouse_pro_excel
2026金爵奖真人短片合集 1,2026金爵奖真人短片合集 1,2026-06-20,周六,13:00,14:35,95,70,上海百丽宫影城（陆家嘴中心店）,LUXE厅,浦东南路899号L+MALL商场10层（2号线东昌路、9号线商城路）,LUXE,0,lighthouse_pro_excel
姐，上马,姐，上马,2026-06-20,周六,13:00,14:35,95,70,上海百美汇影城（静安嘉里中心店）,4K激光1号厅,南京西路1551号嘉里中心N4-01,4K,1,lighthouse_pro_excel
2026金爵奖真人短片合集 1,2026金爵奖真人短片合集 1,2026-06-20,周六,13:00,14:35,95,70,上海大光明电影院,2号厅,南京西路216号,,0,lighthouse_pro_excel
暗夜哨声,暗夜哨声,2026-06-20,周六,13:00,14:49,109,70,上海大光明电影院,3号厅,南京西路216号,,0,lighthouse_pro_excel
我住在凡尔赛的日子,我住在凡尔赛的日子,2026-06-20,周六,13:00,14:22,82,70,上海影城SHO,2号厅Onyx,新华路160号,ONYX,0,lighthouse_pro_excel
居巢,居巢,2026-06-20,周六,13:00,14:46,106,70,上海影城SHO,3号厅CINITY,新华路160号,CINITY,0,lighthouse_pro_excel
无名,无名,2026-06-20,周六,13:00,15:08,128,60,上海影城SHO,9号厅REALD CINEMA,新华路160号,,0,lighthouse_pro_excel
遗忘的记忆,遗忘的记忆,2026-06-20,周六,13:00,14:43,103,70,天山电影院-虹桥艺术中心旗舰店,4号厅,天山路888号,,0,lighthouse_pro_excel
战栗空间 (4K),战栗空间,2026-06-20,周六,13:00,14:52,112,90,天山电影院-虹桥艺术中心旗舰店,剧院厅,天山路888号,4K,1,lighthouse_pro_excel
无罪的巫师,无罪的巫师,2026-06-20,周六,13:00,14:28,88,70,天山电影院-宛平剧院影城,1号厅,上海市徐汇区中山南二路859号,,0,lighthouse_pro_excel
卡拉马佐夫兄弟 (4K),卡拉马佐夫兄弟,2026-06-20,周六,13:30,17:19,229,150,上海百丽宫影城（万象城店）,CINITY LUXE巨幕厅,吴中路1599号L501商铺,"CINITY,4K,LUXE",1,lighthouse_pro_excel
纽约，纽约 (4K),纽约，纽约,2026-06-20,周六,15:00,17:44,164,100,UME影城（上海新天地店）,ONYX LED 4K巨幕厅,兴业路123弄6-7号楼新天地时尚I座5楼（早10点之前与晚22点之后的顾客请从新天地时尚1马当路商场通道入口进入，祝您观影愉快！）,"4K,ONYX",1,lighthouse_pro_excel
党同伐异,党同伐异,2026-06-20,周六,15:00,17:48,168,80,黄浦剧场,中剧场,上海市北京东路780号（近贵州路）,,0,lighthouse_pro_excel
哈利·波特与混血王子,哈利·波特与混血王子,2026-06-20,周六,15:00,17:34,154,50,九棵树未来艺术中心,大剧场,树桓路99号,,0,lighthouse_pro_excel
福地,福地,2026-06-20,周六,15:00,17:50,170,90,天山电影院-宛平剧院影城,1号厅,上海市徐汇区中山南二路859号,,0,lighthouse_pro_excel
逆女如山,逆女如山,2026-06-20,周六,15:30,17:25,115,70,CMG融媒影城,4号厅（4K激光）,龙文路19号1-4层,4K,1,lighthouse_pro_excel
空中大灌篮 (4K),空中大灌篮,2026-06-20,周六,15:30,16:58,88,70,SFC动漫主题影院（美罗城店）,4号厅,肇嘉浜路1111号美罗城5楼,4K,1,lighthouse_pro_excel
新不了情 (4K),新不了情,2026-06-20,周六,15:30,17:09,99,70,SFC上影百联影城（八佰伴IMAX店）,2号厅,张杨路501号10楼,4K,1,lighthouse_pro_excel
来自伦敦的男人,来自伦敦的男人,2026-06-20,周六,15:30,17:49,139,70,SFC上影影城（丁香路LUXE店）,5号LUXE巨幕厅,丁香路858号丁香国际三楼,LUXE,0,lighthouse_pro_excel
战火,战火,2026-06-20,周六,15:30,17:36,126,70,SFC上影影城（港汇永华IMAX激光店）,ONYX LED厅,虹桥路1号港汇广场6楼,ONYX,0,lighthouse_pro_excel
八千里路云和月 (4K),八千里路云和月,2026-06-20,周六,15:30,17:39,129,70,SFC上影影城（国华广场店）,1号LUXE巨幕厅,闸殷路1555号国华广场4楼,"4K,LUXE",1,lighthouse_pro_excel
憨丁钱路慌,憨丁钱路慌,2026-06-20,周六,15:30,16:46,76,70,SFC永华电影荟（世纪汇店）,CINITY2号厅,世纪大道1192号世纪汇广场5层022、6层 001号,CINITY,0,lighthouse_pro_excel
咕咕呱呱 (4K),咕咕呱呱,2026-06-20,周六,15:30,17:08,98,70,SFC永华电影荟（世纪汇店）,CRYSTAL ONE LED1号厅,世纪大道1192号世纪汇广场5层022、6层 001号,4K,1,lighthouse_pro_excel
配角 (4K),配角,2026-06-20,周六,15:30,17:51,141,70,佰映三克映画,LUXE厅,江宁路699号B1-60B,"4K,LUXE",1,lighthouse_pro_excel
凯德警长 (4K),凯德警长,2026-06-20,周六,15:30,17:44,134,90,曹杨影城,1号4K激光厅,兰溪路125号2楼,4K,1,lighthouse_pro_excel
如果鸽子变成黄金,如果鸽子变成黄金,2026-06-20,周六,15:30,17:23,113,70,朵云轩杜比全景声影城,1号厅,天钥桥路1188号5楼,,0,lighthouse_pro_excel
神奇动物：格林德沃之罪 (3D),神奇动物：格林德沃之罪,2026-06-20,周六,15:30,17:44,134,70,国泰电影院,2号厅,淮海中路870号,3D,0,lighthouse_pro_excel
破晓微光,破晓微光,2026-06-20,周六,15:30,17:28,118,70,和平影都,二楼8号激光巨幕厅,西藏中路290号,,0,lighthouse_pro_excel
下水道,下水道,2026-06-20,周六,15:30,17:07,97,70,和平影都,五楼杜比全景声厅,西藏中路290号,,0,lighthouse_pro_excel
哈利·波特与死亡圣器 (上）,哈利·波特与死亡圣器 (上）,2026-06-20,周六,15:30,17:57,147,70,沪东工人文化宫东宫影剧院,1号厅,平凉路1500号(近宁国路),,0,lighthouse_pro_excel
迷雾之海的莉迪亚 (4K),迷雾之海的莉迪亚,2026-06-20,周六,15:30,16:55,85,50,嘉定影剧院,3号厅,城中路149号,4K,1,lighthouse_pro_excel
人工智能,人工智能,2026-06-20,周六,15:30,17:56,146,100,久事·上海商城剧院,剧院正厅,南京西路1376号上海商城4楼,,0,lighthouse_pro_excel
扒手,扒手,2026-06-20,周六,15:30,16:46,76,80,兰心大戏院,观众厅,茂名南路57号,,0,lighthouse_pro_excel
藏在水箱里的人,藏在水箱里的人,2026-06-20,周六,15:30,17:24,114,70,上海百丽宫影城（长宁来福士店）,3号厅,长宁路1123号七层701-703,,0,lighthouse_pro_excel
小芭舒 (4K),小芭舒,2026-06-20,周六,15:30,17:32,122,80,上海百丽宫影城（长宁来福士店）,LUXE厅,长宁路1123号七层701-703,"4K,LUXE",1,lighthouse_pro_excel
以救赎之名,以救赎之名,2026-06-20,周六,15:30,17:30,120,70,上海百丽宫影城（环贸iapm店）,6号厅,淮海中路999号L6-601,,0,lighthouse_pro_excel
乱世孤儿 (4K),乱世孤儿,2026-06-20,周六,15:30,17:43,133,70,上海百丽宫影城（陆家嘴中心店）,LUXE厅,浦东南路899号L+MALL商场10层（2号线东昌路、9号线商城路）,"4K,LUXE",1,lighthouse_pro_excel
微光女孩,微光女孩,2026-06-20,周六,15:30,17:31,121,70,上海百美汇影城（静安嘉里中心店）,4K激光1号厅,南京西路1551号嘉里中心N4-01,4K,1,lighthouse_pro_excel
柏林艳史,柏林艳史,2026-06-20,周六,15:30,17:22,112,70,上海大光明电影院,1号LUXE厅,南京西路216号,LUXE,0,lighthouse_pro_excel
阿萨德 (4K),阿萨德,2026-06-20,周六,15:30,17:46,136,70,上海大光明电影院,2号厅,南京西路216号,4K,1,lighthouse_pro_excel
弗里德里希大街站的英雄,弗里德里希大街站的英雄,2026-06-20,周六,15:30,17:24,114,70,上海大光明电影院,3号厅,南京西路216号,,0,lighthouse_pro_excel
与吕美特同行的夏天,与吕美特同行的夏天,2026-06-20,周六,15:30,16:58,88,70,上海科技影城,3号厅,南昌路59号1-3F,,0,lighthouse_pro_excel
爱情是狗娘 (4K),爱情是狗娘,2026-06-20,周六,15:30,18:05,155,110,上海美琪大戏院,观众厅,江宁路66号,4K,1,lighthouse_pro_excel
拯救地球 (4K),拯救地球,2026-06-20,周六,15:30,17:29,119,80,上海市沪北电影院,1号厅,洛川东路500号,4K,1,lighthouse_pro_excel
飞越疯人院（4K）,飞越疯人院,2026-06-20,周六,15:30,17:45,135,90,上海艺海剧院,大剧场,江宁路466号,4K,1,lighthouse_pro_excel
大河恋 (4K),大河恋,2026-06-20,周六,15:30,17:34,124,100,上海影城SHO,1号厅杜比剧场,新华路160号,4K,1,lighthouse_pro_excel
老橡树酒馆,老橡树酒馆,2026-06-20,周六,15:30,17:23,113,70,上海影城SHO,2号厅Onyx,新华路160号,ONYX,0,lighthouse_pro_excel
异乡人,异乡人,2026-06-20,周六,15:30,17:39,129,70,上海影城SHO,3号厅CINITY,新华路160号,CINITY,0,lighthouse_pro_excel
天仙配 (4K),天仙配,2026-06-20,周六,15:30,17:11,101,60,上海影城SHO,9号厅REALD CINEMA,新华路160号,4K,1,lighthouse_pro_excel
我们不是陌生人,我们不是陌生人,2026-06-20,周六,15:30,18:08,158,80,世纪友谊影城（LUXE南方商城店）,6号厅,沪闵路7250号百联南方二期9楼，万源路侧门电梯可直达,,0,lighthouse_pro_excel
桃色公寓 (4K),桃色公寓,2026-06-20,周六,15:30,17:36,126,90,天山电影院-虹桥艺术中心旗舰店,剧院厅,天山路888号,4K,1,lighthouse_pro_excel
我理解您的不满,我理解您的不满,2026-06-20,周六,15:30,17:03,93,70,星轶STARX影剧院（上海宝山日月光店）,5号厅,上海市宝山区沪太路1933号【K】区2层202,,0,lighthouse_pro_excel
三声再见 (4K),三声再见,2026-06-20,周六,16:00,18:03,123,70,天山电影院-虹桥艺术中心旗舰店,4号厅,天山路888号,4K,1,lighthouse_pro_excel
哈利·波特与死亡圣器 (上）,哈利·波特与死亡圣器 (上）,2026-06-20,周六,18:00,20:27,147,50,九棵树未来艺术中心,大剧场,树桓路99号,,0,lighthouse_pro_excel
乱点鸳鸯谱 (4K),乱点鸳鸯谱,2026-06-20,周六,18:00,20:05,125,90,上海百丽宫影城（万象城店）,CINITY LUXE巨幕厅,吴中路1599号L501商铺,"CINITY,4K,LUXE",1,lighthouse_pro_excel
失重,失重,2026-06-20,周六,18:00,19:38,98,70,上海百美汇影城（静安嘉里中心店）,4K激光1号厅,南京西路1551号嘉里中心N4-01,4K,1,lighthouse_pro_excel
不虚此行,不虚此行,2026-06-20,周六,18:00,20:00,120,60,上海影城SHO,9号厅REALD CINEMA,新华路160号,,0,lighthouse_pro_excel
老橡树酒馆,老橡树酒馆,2026-06-20,周六,18:00,19:53,113,70,星轶STARX影剧院（上海宝山日月光店）,5号厅,上海市宝山区沪太路1933号【K】区2层202,,0,lighthouse_pro_excel
黑暗之心,黑暗之心,2026-06-20,周六,18:30,19:54,84,70,CGV影城(白玉兰广场IMAX店),激光8号厅,东长治路588号上海白玉兰广场商业裙房3层11号铺位（东长治路近新建路）,,0,lighthouse_pro_excel
木瓜行纪,木瓜行纪,2026-06-20,周六,18:30,19:44,74,30,CGV影城（青浦天空万科广场IMAX店）,8号激光厅,徐泾镇崧泽大道2229弄天空万科广场3楼CGV影城,,0,lighthouse_pro_excel
短片精选集2,短片精选集2,2026-06-20,周六,18:30,20:16,106,30,CGV影城（松江印象城杜比ULTRA 4DX店）,6号厅,广富林路1788弄松江印象城4层L419,,0,lighthouse_pro_excel
关于母亲 (4K),关于母亲,2026-06-20,周六,18:30,19:54,84,70,CMG融媒影城,4号厅（4K激光）,龙文路19号1-4层,4K,1,lighthouse_pro_excel
总统的蛋糕 (4K),总统的蛋糕,2026-06-20,周六,18:30,20:16,106,70,CMG融媒影城,8号厅（杜比全景声CINITY）,龙文路19号1-4层,"CINITY,4K",1,lighthouse_pro_excel
滚石乐队 至臻现场 (IMAX/4K),滚石乐队 至臻现场,2026-06-20,周六,18:30,19:57,87,120,MOViE MOViE 影城（前滩太古里店）,激光IMAX厅,东育路500弄1-9号前滩太古里石区L3层S-L3-13,"IMAX/4K,IMAX,4K",1,lighthouse_pro_excel
空中大灌篮 (4K),空中大灌篮,2026-06-20,周六,18:30,19:58,88,70,SFC动漫主题影院（美罗城店）,4号厅,肇嘉浜路1111号美罗城5楼,4K,1,lighthouse_pro_excel
诈死,诈死,2026-06-20,周六,18:30,20:07,97,70,SFC上影百联影城（八佰伴IMAX店）,2号厅,张杨路501号10楼,,0,lighthouse_pro_excel
短片精选集3,短片精选集3,2026-06-20,周六,18:30,20:08,98,70,SFC上影影城（丁香路LUXE店）,5号LUXE巨幕厅,丁香路858号丁香国际三楼,LUXE,0,lighthouse_pro_excel
董夫人 (4K),董夫人,2026-06-20,周六,18:30,20:07,97,80,SFC上影影城（港汇永华IMAX激光店）,ONYX LED厅,虹桥路1号港汇广场6楼,"4K,ONYX",1,lighthouse_pro_excel
好女儿,好女儿,2026-06-20,周六,18:30,20:13,103,70,SFC上影影城（国华广场店）,1号LUXE巨幕厅,闸殷路1555号国华广场4楼,LUXE,0,lighthouse_pro_excel
落叶球,落叶球,2026-06-20,周六,18:30,21:37,187,70,SFC永华电影荟（世纪汇店）,CINITY2号厅,世纪大道1192号世纪汇广场5层022、6层 001号,CINITY,0,lighthouse_pro_excel
巴山夜雨,巴山夜雨,2026-06-20,周六,18:30,19:54,84,60,SFC永华电影荟（世纪汇店）,CRYSTAL ONE LED1号厅,世纪大道1192号世纪汇广场5层022、6层 001号,,0,lighthouse_pro_excel
灰烬与钻石,灰烬与钻石,2026-06-20,周六,18:30,20:14,104,70,UME影城（上海新天地店）,ONYX LED 4K巨幕厅,兴业路123弄6-7号楼新天地时尚I座5楼（早10点之前与晚22点之后的顾客请从新天地时尚1马当路商场通道入口进入，祝您观影愉快！）,"4K,ONYX",1,lighthouse_pro_excel
我最后的家宴,我最后的家宴,2026-06-20,周六,18:30,20:26,116,70,佰映三克映画,LUXE厅,江宁路699号B1-60B,LUXE,0,lighthouse_pro_excel
忘梦洞 (IMAX 3D/4K),忘梦洞,2026-06-20,周六,18:30,20:03,93,110,博悦汇影城（BFC外滩金融中心店）,8号IMAX厅,中山东二路600号（近枫泾路）地下1层02单元、地下2层02单元,"IMAX,4K,3D",1,lighthouse_pro_excel
母鸡 (4K),母鸡,2026-06-20,周六,18:30,20:07,97,70,曹杨影城,1号4K激光厅,兰溪路125号2楼,4K,1,lighthouse_pro_excel
寂静终点,寂静终点,2026-06-20,周六,18:30,19:40,70,70,朵云轩杜比全景声影城,1号厅,天钥桥路1188号5楼,,0,lighthouse_pro_excel
神奇动物：邓布利多之谜 (4K),神奇动物：邓布利多之谜,2026-06-20,周六,18:30,20:53,143,70,国泰电影院,2号厅,淮海中路870号,4K,1,lighthouse_pro_excel
盲女与大象 (4K),盲女与大象,2026-06-20,周六,18:30,19:51,81,70,和平影都,二楼8号激光巨幕厅,西藏中路290号,4K,1,lighthouse_pro_excel
原始星球 (4K),原始星球,2026-06-20,周六,18:30,19:42,72,70,和平影都,五楼杜比全景声厅,西藏中路290号,4K,1,lighthouse_pro_excel
哈利·波特与死亡圣器 (下）,哈利·波特与死亡圣器 (下）,2026-06-20,周六,18:30,20:41,131,70,沪东工人文化宫东宫影剧院,1号厅,平凉路1500号(近宁国路),,0,lighthouse_pro_excel
传奇：演唱的猫王 (IMAX/4K),传奇：演唱的猫王,2026-06-20,周六,18:30,20:08,98,120,寰映影城（大融城店）,1号IMAX厅,沪太路1111弄10号3层L328室,"IMAX/4K,IMAX,4K",1,lighthouse_pro_excel
变形金刚：大电影 (DOLBY VISION/4K),变形金刚：大电影,2026-06-20,周六,18:30,19:55,85,110,寰映影城（大融城店）,3号厅（杜比影院）,沪太路1111弄10号3层L328室,"DOLBY VISION/4K,DOLBY VISION,4K",1,lighthouse_pro_excel
摇滚万万岁2 (4K),摇滚万万岁2,2026-06-20,周六,18:30,19:54,84,70,黄浦剧场,中剧场,上海市北京东路780号（近贵州路）,4K,1,lighthouse_pro_excel
幻时之境,幻时之境,2026-06-20,周六,18:30,20:04,94,50,嘉定影剧院,3号厅,城中路149号,,0,lighthouse_pro_excel
我是布莱克,我是布莱克,2026-06-20,周六,18:30,20:11,101,70,久事·上海商城剧院,剧院正厅,南京西路1376号上海商城4楼,,0,lighthouse_pro_excel
隐形女士,隐形女士,2026-06-20,周六,18:30,20:06,96,70,兰心大戏院,观众厅,茂名南路57号,,0,lighthouse_pro_excel
艾瑞丝的忧夏 (4K),艾瑞丝的忧夏,2026-06-20,周六,18:30,20:13,103,70,上海百丽宫影城（长宁来福士店）,3号厅,长宁路1123号七层701-703,4K,1,lighthouse_pro_excel
发纸水谣,发纸水谣,2026-06-20,周六,18:30,19:42,72,70,上海百丽宫影城（长宁来福士店）,LUXE厅,长宁路1123号七层701-703,LUXE,0,lighthouse_pro_excel
圣诞女士竞选记,圣诞女士竞选记,2026-06-20,周六,18:30,20:06,96,70,上海百丽宫影城（环贸iapm店）,6号厅,淮海中路999号L6-601,,0,lighthouse_pro_excel
追忆华年,追忆华年,2026-06-20,周六,18:30,20:04,94,70,上海百丽宫影城（陆家嘴中心店）,LUXE厅,浦东南路899号L+MALL商场10层（2号线东昌路、9号线商城路）,LUXE,0,lighthouse_pro_excel
当哈利遇到莎莉 (4K),当哈利遇到莎莉,2026-06-20,周六,18:30,20:06,96,90,上海大光明电影院,1号LUXE厅,南京西路216号,"4K,LUXE",1,lighthouse_pro_excel
她的时光机 (4K),她的时光机,2026-06-20,周六,18:30,19:43,73,70,上海大光明电影院,2号厅,南京西路216号,4K,1,lighthouse_pro_excel
明天提问,明天提问,2026-06-20,周六,18:30,20:07,97,70,上海大光明电影院,3号厅,南京西路216号,,0,lighthouse_pro_excel
亡命警探,亡命警探,2026-06-20,周六,18:30,20:05,95,70,上海科技影城,3号厅,南昌路59号1-3F,,0,lighthouse_pro_excel
夺魂索 (4K),夺魂索,2026-06-20,周六,18:30,19:51,81,90,上海美琪大戏院,观众厅,江宁路66号,4K,1,lighthouse_pro_excel
绚烂一刻 (4K),绚烂一刻,2026-06-20,周六,18:30,20:13,103,70,上海市沪北电影院,1号厅,洛川东路500号,4K,1,lighthouse_pro_excel
镜的第三乐章 (4K),镜的第三乐章,2026-06-20,周六,18:30,19:57,87,70,上海艺海剧院,大剧场,江宁路466号,4K,1,lighthouse_pro_excel
失去的周末,失去的周末,2026-06-20,周六,18:30,20:11,101,70,上海影城SHO,1号厅杜比剧场,新华路160号,,0,lighthouse_pro_excel
马塞尔·帕尼奥尔的华丽人生,马塞尔·帕尼奥尔的华丽人生,2026-06-20,周六,18:30,20:01,91,70,上海影城SHO,2号厅Onyx,新华路160号,ONYX,0,lighthouse_pro_excel
倒扣的王牌,倒扣的王牌,2026-06-20,周六,18:30,20:21,111,70,上海影城SHO,3号厅CINITY,新华路160号,CINITY,0,lighthouse_pro_excel
请记得我,请记得我,2026-06-20,周六,18:30,19:48,78,70,世纪友谊影城（LUXE南方商城店）,6号厅,沪闵路7250号百联南方二期9楼，万源路侧门电梯可直达,,0,lighthouse_pro_excel
罗目的黄昏,罗目的黄昏,2026-06-20,周六,18:30,20:09,99,70,天山电影院-虹桥艺术中心旗舰店,4号厅,天山路888号,,0,lighthouse_pro_excel
安妮·霍尔 (4K),安妮·霍尔,2026-06-20,周六,18:30,20:04,94,90,天山电影院-虹桥艺术中心旗舰店,剧院厅,天山路888号,4K,1,lighthouse_pro_excel
一切可售,一切可售,2026-06-20,周六,18:30,20:10,100,70,天山电影院-宛平剧院影城,1号厅,上海市徐汇区中山南二路859号,,0,lighthouse_pro_excel
405谋杀案,405谋杀案,2026-06-20,周六,18:30,20:12,102,30,万达影城（崇明万达广场店）,1号厅,城桥镇崇明大道8388号3F-A室,,0,lighthouse_pro_excel
四个春天,四个春天,2026-06-20,周六,18:30,20:16,106,30,万达影城（金山万达广场店）,5号厅,龙皓路1088号万达广场四楼,,0,lighthouse_pro_excel
无痛凯恩 (DOLBY VISION/4K),无痛凯恩,2026-06-20,周六,18:30,20:20,110,110,万达影城（五角场万达广场激光IMAX店）,13号厅（杜比影院）,国宾路58号五角场万达商业广场三层,"DOLBY VISION/4K,DOLBY VISION,4K",1,lighthouse_pro_excel
短片精选集2,短片精选集2,2026-06-20,周六,20:40,22:26,106,70,CGV影城(白玉兰广场IMAX店),激光8号厅,东长治路588号上海白玉兰广场商业裙房3层11号铺位（东长治路近新建路）,,0,lighthouse_pro_excel
东方之虎 (4K),东方之虎,2026-06-20,周六,20:40,22:11,91,70,CMG融媒影城,4号厅（4K激光）,龙文路19号1-4层,4K,1,lighthouse_pro_excel
蔷薇修剪术 (4K),蔷薇修剪术,2026-06-20,周六,20:40,22:15,95,70,CMG融媒影城,8号厅（杜比全景声CINITY）,龙文路19号1-4层,"CINITY,4K",1,lighthouse_pro_excel
风暴边缘 (IMAX/4K),风暴边缘,2026-06-20,周六,20:40,22:16,96,110,MOViE MOViE 影城（前滩太古里店）,激光IMAX厅,东育路500弄1-9号前滩太古里石区L3层S-L3-13,"IMAX/4K,IMAX,4K",1,lighthouse_pro_excel
空中大灌篮 (4K),空中大灌篮,2026-06-20,周六,20:40,22:08,88,70,SFC动漫主题影院（美罗城店）,4号厅,肇嘉浜路1111号美罗城5楼,4K,1,lighthouse_pro_excel
无界之环 (4K),无界之环,2026-06-20,周六,20:40,22:28,108,70,SFC上影百联影城（八佰伴IMAX店）,2号厅,张杨路501号10楼,4K,1,lighthouse_pro_excel
头号玩家 (IMAX 3D/4K),头号玩家,2026-06-20,周六,20:40,23:01,141,110,SFC上影影城（港汇永华IMAX激光店）,IMAX厅,虹桥路1号港汇广场6楼,"IMAX,4K,3D",1,lighthouse_pro_excel
车位,车位,2026-06-20,周六,20:40,22:05,85,70,SFC上影影城（港汇永华IMAX激光店）,ONYX LED厅,虹桥路1号港汇广场6楼,ONYX,0,lighthouse_pro_excel
上帝不会帮忙,上帝不会帮忙,2026-06-20,周六,20:40,22:57,137,70,SFC上影影城（国华广场店）,1号LUXE巨幕厅,闸殷路1555号国华广场4楼,LUXE,0,lighthouse_pro_excel
马拉加街夕阳红,马拉加街夕阳红,2026-06-20,周六,20:40,22:37,117,70,UME影城（上海新天地店）,ONYX LED 4K巨幕厅,兴业路123弄6-7号楼新天地时尚I座5楼（早10点之前与晚22点之后的顾客请从新天地时尚1马当路商场通道入口进入，祝您观影愉快！）,"4K,ONYX",1,lighthouse_pro_excel
山中来客 (4K),山中来客,2026-06-20,周六,20:40,22:29,109,70,佰映三克映画,LUXE厅,江宁路699号B1-60B,"4K,LUXE",1,lighthouse_pro_excel
热带雨,热带雨,2026-06-20,周六,20:40,22:23,103,70,曹杨影城,1号4K激光厅,兰溪路125号2楼,4K,1,lighthouse_pro_excel
别担心，爸爸！,别担心，爸爸！,2026-06-20,周六,20:40,22:08,88,70,朵云轩杜比全景声影城,1号厅,天钥桥路1188号5楼,,0,lighthouse_pro_excel
星辰时刻,星辰时刻,2026-06-20,周六,20:40,22:18,98,70,和平影都,二楼8号激光巨幕厅,西藏中路290号,,0,lighthouse_pro_excel
甘达星人 (4K),甘达星人,2026-06-20,周六,20:40,22:04,84,70,和平影都,五楼杜比全景声厅,西藏中路290号,4K,1,lighthouse_pro_excel
风暴边缘 (IMAX/4K),风暴边缘,2026-06-20,周六,20:40,22:16,96,110,寰映影城（大融城店）,1号IMAX厅,沪太路1111弄10号3层L328室,"IMAX/4K,IMAX,4K",1,lighthouse_pro_excel
三级警戒 (4K),三级警戒,2026-06-20,周六,20:40,22:20,100,70,黄浦剧场,中剧场,上海市北京东路780号（近贵州路）,4K,1,lighthouse_pro_excel
地下情,地下情,2026-06-20,周六,20:40,22:18,98,50,嘉定影剧院,3号厅,城中路149号,,0,lighthouse_pro_excel
黑色电话2 (4K),黑色电话2,2026-06-20,周六,20:40,22:34,114,70,久事·上海商城剧院,剧院正厅,南京西路1376号上海商城4楼,4K,1,lighthouse_pro_excel
梦想情景,梦想情景,2026-06-20,周六,20:40,22:22,102,70,兰心大戏院,观众厅,茂名南路57号,,0,lighthouse_pro_excel
路易莎的沙漠 (4K),路易莎的沙漠,2026-06-20,周六,20:40,22:21,101,70,上海百丽宫影城（长宁来福士店）,3号厅,长宁路1123号七层701-703,4K,1,lighthouse_pro_excel
我们的土地 (4K),我们的土地,2026-06-20,周六,20:40,22:44,124,70,上海百丽宫影城（长宁来福士店）,LUXE厅,长宁路1123号七层701-703,"4K,LUXE",1,lighthouse_pro_excel
语文的滋味,语文的滋味,2026-06-20,周六,20:40,22:27,107,70,上海百丽宫影城（环贸iapm店）,6号厅,淮海中路999号L6-601,,0,lighthouse_pro_excel
娜西莎的遗愿,娜西莎的遗愿,2026-06-20,周六,20:40,22:05,85,70,上海百丽宫影城（陆家嘴中心店）,LUXE厅,浦东南路899号L+MALL商场10层（2号线东昌路、9号线商城路）,LUXE,0,lighthouse_pro_excel
离开拉斯维加斯 (4K),离开拉斯维加斯,2026-06-20,周六,20:40,22:33,113,90,上海百丽宫影城（万象城店）,CINITY LUXE巨幕厅,吴中路1599号L501商铺,"CINITY,4K,LUXE",1,lighthouse_pro_excel
罗伯托·罗西里尼：即兴人生,罗伯托·罗西里尼：即兴人生,2026-06-20,周六,20:40,22:07,87,70,上海百美汇影城（静安嘉里中心店）,4K激光1号厅,南京西路1551号嘉里中心N4-01,4K,1,lighthouse_pro_excel
电视台风云 (4K),电视台风云,2026-06-20,周六,20:40,22:42,122,90,上海大光明电影院,1号LUXE厅,南京西路216号,"4K,LUXE",1,lighthouse_pro_excel
童梦如鸢 (4K),童梦如鸢,2026-06-20,周六,20:40,22:12,92,70,上海大光明电影院,2号厅,南京西路216号,4K,1,lighthouse_pro_excel
父影之下,父影之下,2026-06-20,周六,20:40,22:13,93,70,上海大光明电影院,3号厅,南京西路216号,,0,lighthouse_pro_excel
哈莉玛,哈莉玛,2026-06-20,周六,20:40,22:05,85,70,上海科技影城,3号厅,南昌路59号1-3F,,0,lighthouse_pro_excel
蔑视 (4K),蔑视,2026-06-20,周六,20:40,22:24,104,70,上海美琪大戏院,观众厅,江宁路66号,4K,1,lighthouse_pro_excel
魔女嘉莉 (4K),魔女嘉莉,2026-06-20,周六,20:40,22:18,98,90,上海市沪北电影院,1号厅,洛川东路500号,4K,1,lighthouse_pro_excel
骗中骗 (4K),骗中骗,2026-06-20,周六,20:40,22:49,129,90,上海艺海剧院,大剧场,江宁路466号,4K,1,lighthouse_pro_excel
玛戈王后 (4K),玛戈王后,2026-06-20,周六,20:40,23:19,159,110,上海影城SHO,1号厅杜比剧场,新华路160号,4K,1,lighthouse_pro_excel
噬草者 (4K),噬草者,2026-06-20,周六,20:40,22:01,81,70,上海影城SHO,2号厅Onyx,新华路160号,"4K,ONYX",1,lighthouse_pro_excel
一个和八个,一个和八个,2026-06-20,周六,20:40,22:11,91,60,上海影城SHO,9号厅REALD CINEMA,新华路160号,,0,lighthouse_pro_excel
屋顶,屋顶,2026-06-20,周六,20:40,22:18,98,70,天山电影院-虹桥艺术中心旗舰店,4号厅,天山路888号,,0,lighthouse_pro_excel
罗斯 (4K),罗斯,2026-06-20,周六,20:40,22:15,95,80,天山电影院-虹桥艺术中心旗舰店,剧院厅,天山路888号,4K,1,lighthouse_pro_excel
热情如火 (4K),热情如火,2026-06-20,周六,20:40,22:43,123,90,天山电影院-宛平剧院影城,1号厅,上海市徐汇区中山南二路859号,4K,1,lighthouse_pro_excel
超级闹市,超级闹市,2026-06-20,周六,20:40,22:28,108,70,星轶STARX影剧院（上海宝山日月光店）,5号厅,上海市宝山区沪太路1933号【K】区2层202,,0,lighthouse_pro_excel
哈利·波特与死亡圣器 (下）,哈利·波特与死亡圣器 (下）,2026-06-20,周六,21:00,23:11,131,50,九棵树未来艺术中心,大剧场,树桓路99号,,0,lighthouse_pro_excel
爱情是狗娘 (4K),爱情是狗娘,2026-06-21,周日,09:00,11:35,155,110,上海大光明电影院,1号LUXE厅,南京西路216号,"4K,LUXE",1,lighthouse_pro_excel
纸盒藏迷,纸盒藏迷,2026-06-21,周日,10:00,12:08,128,70,CGV影城(白玉兰广场IMAX店),激光8号厅,东长治路588号上海白玉兰广场商业裙房3层11号铺位（东长治路近新建路）,,0,lighthouse_pro_excel
伴我同行 (4K),伴我同行,2026-06-21,周日,10:00,11:29,89,90,曹杨影城,1号4K激光厅,兰溪路125号2楼,4K,1,lighthouse_pro_excel
寂静的朋友,寂静的朋友,2026-06-21,周日,10:00,12:27,147,70,上海百丽宫影城（长宁来福士店）,LUXE厅,长宁路1123号七层701-703,LUXE,0,lighthouse_pro_excel
她回来的那天,她回来的那天,2026-06-21,周日,10:00,11:25,85,70,上海百丽宫影城（万象城店）,CINITY LUXE巨幕厅,吴中路1599号L501商铺,"CINITY,LUXE",0,lighthouse_pro_excel
海上花 (4K),海上花,2026-06-21,周日,10:00,11:54,114,80,上海美琪大戏院,观众厅,江宁路66号,4K,1,lighthouse_pro_excel
与王生活的男人,与王生活的男人,2026-06-21,周日,10:00,11:57,117,90,上海影城SHO,1号厅杜比剧场,新华路160号,,0,lighthouse_pro_excel
危情蜻蜓 (4K),危情蜻蜓,2026-06-21,周日,10:00,11:39,99,70,上海影城SHO,3号厅CINITY,新华路160号,"CINITY,4K",1,lighthouse_pro_excel
恩典 (4K),恩典,2026-06-21,周日,10:00,12:13,133,80,天山电影院-虹桥艺术中心旗舰店,剧院厅,天山路888号,4K,1,lighthouse_pro_excel
无名,无名,2026-06-21,周日,10:30,12:38,128,60,上海大光明电影院,3号厅,南京西路216号,,0,lighthouse_pro_excel
沙丘 (IMAX/4K) & 沙丘 2 (IMAX/4K),沙丘& 沙丘 2,2026-06-21,周日,12:00,17:52,352,220,SFC上影影城（港汇永华IMAX激光店）,IMAX厅,虹桥路1号港汇广场6楼,"IMAX/4K,IMAX,4K",1,lighthouse_pro_excel
撒旦探戈 (4K),撒旦探戈,2026-06-21,周日,12:00,19:20,440,240,曹杨影城,1号4K激光厅,兰溪路125号2楼,4K,1,lighthouse_pro_excel
铁路的白蔷薇 (4K),铁路的白蔷薇,2026-06-21,周日,12:00,18:57,417,240,上海百丽宫影城（万象城店）,CINITY LUXE巨幕厅,吴中路1599号L501商铺,"CINITY,4K,LUXE",1,lighthouse_pro_excel
都灵之马,都灵之马,2026-06-21,周日,12:00,14:35,155,70,上海大光明电影院,1号LUXE厅,南京西路216号,LUXE,0,lighthouse_pro_excel
父影之下,父影之下,2026-06-21,周日,12:00,13:33,93,70,上海影城SHO,3号厅CINITY,新华路160号,CINITY,0,lighthouse_pro_excel
笼民 (4K),笼民,2026-06-21,周日,12:30,14:55,145,80,CMG融媒影城,8号厅（杜比全景声CINITY）,龙文路19号1-4层,"CINITY,4K",1,lighthouse_pro_excel
触不可及 (4K),触不可及,2026-06-21,周日,12:30,14:59,149,70,国泰电影院,2号厅,淮海中路870号,4K,1,lighthouse_pro_excel
神奇动物在哪里 (3D),神奇动物在哪里,2026-06-21,周日,12:30,14:43,133,70,沪东工人文化宫东宫影剧院,1号厅,平凉路1500号(近宁国路),3D,0,lighthouse_pro_excel
笼民 (4K),笼民,2026-06-21,周日,12:30,14:55,145,80,上海市沪北电影院,1号厅,洛川东路500号,4K,1,lighthouse_pro_excel
莫扎特传 (4K),莫扎特传,2026-06-21,周日,12:30,15:11,161,100,上海影城SHO,1号厅杜比剧场,新华路160号,4K,1,lighthouse_pro_excel
黄色领带,黄色领带,2026-06-21,周日,12:30,14:55,145,70,上海影城SHO,2号厅Onyx,新华路160号,ONYX,0,lighthouse_pro_excel
2026金爵奖真人短片合集 1,2026金爵奖真人短片合集 1,2026-06-21,周日,13:00,14:35,95,70,CMG融媒影城,4号厅（4K激光）,龙文路19号1-4层,4K,1,lighthouse_pro_excel
温尼伯：希望的种子 (4K),温尼伯：希望的种子,2026-06-21,周日,13:00,14:22,82,70,SFC动漫主题影院（美罗城店）,4号厅,肇嘉浜路1111号美罗城5楼,4K,1,lighthouse_pro_excel
新浪潮,新浪潮,2026-06-21,周日,13:00,14:46,106,80,SFC上影影城（丁香路LUXE店）,5号LUXE巨幕厅,丁香路858号丁香国际三楼,LUXE,0,lighthouse_pro_excel
临终祷文 (4K),临终祷文,2026-06-21,周日,13:00,14:35,95,70,UME影城（上海新天地店）,ONYX LED 4K巨幕厅,兴业路123弄6-7号楼新天地时尚I座5楼（早10点之前与晚22点之后的顾客请从新天地时尚1马当路商场通道入口进入，祝您观影愉快！）,"4K,ONYX",1,lighthouse_pro_excel
咕咕呱呱 (4K),咕咕呱呱,2026-06-21,周日,13:00,14:38,98,70,朵云轩杜比全景声影城,1号厅,天钥桥路1188号5楼,4K,1,lighthouse_pro_excel
内华达之瑰 (4K),内华达之瑰,2026-06-21,周日,13:00,14:55,115,70,和平影都,二楼8号激光巨幕厅,西藏中路290号,4K,1,lighthouse_pro_excel
一个部门的诞生,一个部门的诞生,2026-06-21,周日,13:00,14:49,109,70,和平影都,五楼杜比全景声厅,西藏中路290号,,0,lighthouse_pro_excel
金多宝,金多宝,2026-06-21,周日,13:00,15:12,132,50,嘉定影剧院,3号厅,城中路149号,,0,lighthouse_pro_excel
暗流低语 (4K),暗流低语,2026-06-21,周日,13:00,14:34,94,70,久事·上海商城剧院,剧院正厅,南京西路1376号上海商城4楼,4K,1,lighthouse_pro_excel
折翼母亲,折翼母亲,2026-06-21,周日,13:00,14:43,103,70,兰心大戏院,观众厅,茂名南路57号,,0,lighthouse_pro_excel
暗夜哨声,暗夜哨声,2026-06-21,周日,13:00,14:49,109,70,上海百丽宫影城（长宁来福士店）,3号厅,长宁路1123号七层701-703,,0,lighthouse_pro_excel
2026金爵奖真人短片合集 1,2026金爵奖真人短片合集 1,2026-06-21,周日,13:00,14:35,95,70,上海百丽宫影城（长宁来福士店）,LUXE厅,长宁路1123号七层701-703,LUXE,0,lighthouse_pro_excel
母鸡 (4K),母鸡,2026-06-21,周日,13:00,14:37,97,70,上海百丽宫影城（环贸iapm店）,6号厅,淮海中路999号L6-601,4K,1,lighthouse_pro_excel
2026金爵奖真人短片合集 2,2026金爵奖真人短片合集 2,2026-06-21,周日,13:00,14:33,93,70,上海百丽宫影城（陆家嘴中心店）,LUXE厅,浦东南路899号L+MALL商场10层（2号线东昌路、9号线商城路）,LUXE,0,lighthouse_pro_excel
海之子,海之子,2026-06-21,周日,13:00,14:18,78,70,上海百美汇影城（静安嘉里中心店）,4K激光1号厅,南京西路1551号嘉里中心N4-01,4K,1,lighthouse_pro_excel
泡泡骑士珍宝,泡泡骑士珍宝,2026-06-21,周日,13:00,14:42,102,70,上海大光明电影院,2号厅,南京西路216号,,0,lighthouse_pro_excel
最后之熊,最后之熊,2026-06-21,周日,13:00,14:35,95,70,上海大光明电影院,3号厅,南京西路216号,,0,lighthouse_pro_excel
柏林艳史,柏林艳史,2026-06-21,周日,13:00,14:52,112,70,上海美琪大戏院,观众厅,江宁路66号,,0,lighthouse_pro_excel
亦吾亦舞,亦吾亦舞,2026-06-21,周日,13:00,15:06,126,70,上海艺海剧院,大剧场,江宁路466号,,0,lighthouse_pro_excel
特鲁瓦格罗餐厅 (4K),特鲁瓦格罗餐厅,2026-06-21,周日,13:00,17:00,240,140,天山电影院-虹桥艺术中心旗舰店,4号厅,天山路888号,4K,1,lighthouse_pro_excel
当哈利遇到莎莉 (4K),当哈利遇到莎莉,2026-06-21,周日,13:00,14:36,96,90,天山电影院-虹桥艺术中心旗舰店,剧院厅,天山路888号,4K,1,lighthouse_pro_excel
双重赔偿 (4K),双重赔偿,2026-06-21,周日,13:00,14:48,108,90,天山电影院-宛平剧院影城,1号厅,上海市徐汇区中山南二路859号,4K,1,lighthouse_pro_excel
寂静终点,寂静终点,2026-06-21,周日,13:30,14:40,70,70,CGV影城(白玉兰广场IMAX店),激光8号厅,东长治路588号上海白玉兰广场商业裙房3层11号铺位（东长治路近新建路）,,0,lighthouse_pro_excel
走出非洲 (4K),走出非洲,2026-06-21,周日,15:00,17:41,161,100,上海大光明电影院,1号LUXE厅,南京西路216号,"4K,LUXE",1,lighthouse_pro_excel
党同伐异,党同伐异,2026-06-21,周日,15:00,17:48,168,80,上海影城SHO,3号厅CINITY,新华路160号,CINITY,0,lighthouse_pro_excel
智取威虎山,智取威虎山,2026-06-21,周日,15:00,17:23,143,60,上海影城SHO,9号厅REALD CINEMA,新华路160号,,0,lighthouse_pro_excel
纽约，纽约 (4K),纽约，纽约,2026-06-21,周日,15:00,17:44,164,100,世纪友谊影城（LUXE南方商城店）,6号厅,沪闵路7250号百联南方二期9楼，万源路侧门电梯可直达,4K,1,lighthouse_pro_excel
安娜·玛尼亚尼的传奇人生,安娜·玛尼亚尼的传奇人生,2026-06-21,周日,15:30,17:28,118,70,CGV影城(白玉兰广场IMAX店),激光8号厅,东长治路588号上海白玉兰广场商业裙房3层11号铺位（东长治路近新建路）,,0,lighthouse_pro_excel
勒克瑙之花 (4K),勒克瑙之花,2026-06-21,周日,15:30,17:56,146,80,CMG融媒影城,8号厅（杜比全景声CINITY）,龙文路19号1-4层,"CINITY,4K",1,lighthouse_pro_excel
阿马德欧与假设的新世界,阿马德欧与假设的新世界,2026-06-21,周日,15:30,17:15,105,70,SFC动漫主题影院（美罗城店）,4号厅,肇嘉浜路1111号美罗城5楼,,0,lighthouse_pro_excel
玛丽·安宁：化石猎人,玛丽·安宁：化石猎人,2026-06-21,周日,15:30,16:43,73,70,SFC上影百联影城（八佰伴IMAX店）,2号厅,张杨路501号10楼,,0,lighthouse_pro_excel
布玛,布玛,2026-06-21,周日,15:30,17:30,120,70,SFC上影影城（丁香路LUXE店）,5号LUXE巨幕厅,丁香路858号丁香国际三楼,LUXE,0,lighthouse_pro_excel
她们的狂想曲 (4K),她们的狂想曲,2026-06-21,周日,15:30,16:52,82,70,SFC上影影城（港汇永华IMAX激光店）,ONYX LED厅,虹桥路1号港汇广场6楼,"4K,ONYX",1,lighthouse_pro_excel
与吕美特同行的夏天,与吕美特同行的夏天,2026-06-21,周日,15:30,16:58,88,70,SFC上影影城（国华广场店）,1号LUXE巨幕厅,闸殷路1555号国华广场4楼,LUXE,0,lighthouse_pro_excel
配角 (4K),配角,2026-06-21,周日,15:30,17:51,141,70,SFC永华电影荟（世纪汇店）,CINITY2号厅,世纪大道1192号世纪汇广场5层022、6层 001号,"CINITY,4K",1,lighthouse_pro_excel
鲸鱼马戏团 (4K),鲸鱼马戏团,2026-06-21,周日,15:30,17:57,147,70,UME影城（上海新天地店）,ONYX LED 4K巨幕厅,兴业路123弄6-7号楼新天地时尚I座5楼（早10点之前与晚22点之后的顾客请从新天地时尚1马当路商场通道入口进入，祝您观影愉快！）,"4K,ONYX",1,lighthouse_pro_excel
以救赎之名,以救赎之名,2026-06-21,周日,15:30,17:30,120,70,佰映三克映画,LUXE厅,江宁路699号B1-60B,LUXE,0,lighthouse_pro_excel
藏在水箱里的人,藏在水箱里的人,2026-06-21,周日,15:30,17:24,114,70,国泰电影院,2号厅,淮海中路870号,,0,lighthouse_pro_excel
九庙上天堂,九庙上天堂,2026-06-21,周日,15:30,17:51,141,80,和平影都,二楼8号激光巨幕厅,西藏中路290号,,0,lighthouse_pro_excel
三声再见 (4K),三声再见,2026-06-21,周日,15:30,17:33,123,70,和平影都,五楼杜比全景声厅,西藏中路290号,4K,1,lighthouse_pro_excel
神奇动物：格林德沃之罪 (3D),神奇动物：格林德沃之罪,2026-06-21,周日,15:30,17:44,134,70,沪东工人文化宫东宫影剧院,1号厅,平凉路1500号(近宁国路),3D,0,lighthouse_pro_excel
无可奈何 (4K),无可奈何,2026-06-21,周日,15:30,17:49,139,90,黄浦剧场,中剧场,上海市北京东路780号（近贵州路）,4K,1,lighthouse_pro_excel
搜索者（4K）,搜索者,2026-06-21,周日,15:30,17:29,119,50,嘉定影剧院,3号厅,城中路149号,4K,1,lighthouse_pro_excel
情迷亚历山大,情迷亚历山大,2026-06-21,周日,15:30,17:41,131,70,久事·上海商城剧院,剧院正厅,南京西路1376号上海商城4楼,,0,lighthouse_pro_excel
摇滚万万岁2 (4K),摇滚万万岁2,2026-06-21,周日,15:30,16:54,84,70,兰心大戏院,观众厅,茂名南路57号,4K,1,lighthouse_pro_excel
逆女如山,逆女如山,2026-06-21,周日,15:30,17:25,115,70,上海百丽宫影城（长宁来福士店）,3号厅,长宁路1123号七层701-703,,0,lighthouse_pro_excel
奔赴维戈！,奔赴维戈！,2026-06-21,周日,15:30,17:08,98,70,上海百丽宫影城（长宁来福士店）,LUXE厅,长宁路1123号七层701-703,LUXE,0,lighthouse_pro_excel
微光女孩,微光女孩,2026-06-21,周日,15:30,17:31,121,70,上海百丽宫影城（环贸iapm店）,6号厅,淮海中路999号L6-601,,0,lighthouse_pro_excel
足球少女玛丽亚 (4K),足球少女玛丽亚,2026-06-21,周日,15:30,17:24,114,70,上海百丽宫影城（陆家嘴中心店）,LUXE厅,浦东南路899号L+MALL商场10层（2号线东昌路、9号线商城路）,"4K,LUXE",1,lighthouse_pro_excel
我最后的家宴,我最后的家宴,2026-06-21,周日,15:30,17:26,116,70,上海百美汇影城（静安嘉里中心店）,4K激光1号厅,南京西路1551号嘉里中心N4-01,4K,1,lighthouse_pro_excel
创造人类 (4K),创造人类,2026-06-21,周日,15:30,18:07,157,70,上海大光明电影院,2号厅,南京西路216号,4K,1,lighthouse_pro_excel
冈仁波齐,冈仁波齐,2026-06-21,周日,15:30,17:28,118,60,上海大光明电影院,3号厅,南京西路216号,,0,lighthouse_pro_excel
龙凤配 (4K),龙凤配,2026-06-21,周日,15:30,17:24,114,90,上海美琪大戏院,观众厅,江宁路66号,4K,1,lighthouse_pro_excel
总统班底 (4K),总统班底,2026-06-21,周日,15:30,17:49,139,100,上海市沪北电影院,1号厅,洛川东路500号,4K,1,lighthouse_pro_excel
扣篮梦工厂 (4K),扣篮梦工厂,2026-06-21,周日,15:30,17:36,126,70,上海艺海剧院,大剧场,江宁路466号,4K,1,lighthouse_pro_excel
飞越疯人院（4K）,飞越疯人院,2026-06-21,周日,15:30,17:45,135,90,上海影城SHO,1号厅杜比剧场,新华路160号,4K,1,lighthouse_pro_excel
灰烬与钻石,灰烬与钻石,2026-06-21,周日,15:30,17:14,104,70,上海影城SHO,2号厅Onyx,新华路160号,ONYX,0,lighthouse_pro_excel
好人寥寥 (4K),好人寥寥,2026-06-21,周日,15:30,17:48,138,100,天山电影院-虹桥艺术中心旗舰店,剧院厅,天山路888号,4K,1,lighthouse_pro_excel
失去的周末,失去的周末,2026-06-21,周日,15:30,17:11,101,70,天山电影院-宛平剧院影城,1号厅,上海市徐汇区中山南二路859号,,0,lighthouse_pro_excel
尼娜与萝扎,尼娜与萝扎,2026-06-21,周日,15:30,17:14,104,70,星轶STARX影剧院（上海宝山日月光店）,5号厅,上海市宝山区沪太路1933号【K】区2层202,,0,lighthouse_pro_excel
路易莎的沙漠 (4K),路易莎的沙漠,2026-06-21,周日,18:00,19:41,101,70,上海百丽宫影城（陆家嘴中心店）,LUXE厅,浦东南路899号L+MALL商场10层（2号线东昌路、9号线商城路）,"4K,LUXE",1,lighthouse_pro_excel
战栗空间 (4K),战栗空间,2026-06-21,周日,18:00,19:52,112,90,上海美琪大戏院,观众厅,江宁路66号,4K,1,lighthouse_pro_excel
恋恋山城 (4K),恋恋山城,2026-06-21,周日,18:00,20:02,122,90,天山电影院-宛平剧院影城,1号厅,上海市徐汇区中山南二路859号,4K,1,lighthouse_pro_excel
异乡人,异乡人,2026-06-21,周日,18:00,20:09,129,70,星轶STARX影剧院（上海宝山日月光店）,5号厅,上海市宝山区沪太路1933号【K】区2层202,,0,lighthouse_pro_excel
梦中花园,梦中花园,2026-06-21,周日,18:30,20:13,103,70,CGV影城(白玉兰广场IMAX店),激光8号厅,东长治路588号上海白玉兰广场商业裙房3层11号铺位（东长治路近新建路）,,0,lighthouse_pro_excel
小洞天,小洞天,2026-06-21,周日,18:30,20:17,107,30,CGV影城（青浦天空万科广场IMAX店）,8号激光厅,徐泾镇崧泽大道2229弄天空万科广场3楼CGV影城,,0,lighthouse_pro_excel
短片精选集3,短片精选集3,2026-06-21,周日,18:30,20:08,98,30,CGV影城（松江印象城杜比ULTRA 4DX店）,6号厅,广富林路1788弄松江印象城4层L419,,0,lighthouse_pro_excel
落叶球,落叶球,2026-06-21,周日,18:30,21:37,187,70,CMG融媒影城,4号厅（4K激光）,龙文路19号1-4层,4K,1,lighthouse_pro_excel
对不起，我们错过了你,对不起，我们错过了你,2026-06-21,周日,18:30,20:12,102,70,CMG融媒影城,8号厅（杜比全景声CINITY）,龙文路19号1-4层,CINITY,0,lighthouse_pro_excel
风暴边缘 (IMAX/4K),风暴边缘,2026-06-21,周日,18:30,20:06,96,110,MOViE MOViE 影城（前滩太古里店）,激光IMAX厅,东育路500弄1-9号前滩太古里石区L3层S-L3-13,"IMAX/4K,IMAX,4K",1,lighthouse_pro_excel
迷失的露西 (4K),迷失的露西,2026-06-21,周日,18:30,20:00,90,70,SFC动漫主题影院（美罗城店）,4号厅,肇嘉浜路1111号美罗城5楼,4K,1,lighthouse_pro_excel
满盘皆忙,满盘皆忙,2026-06-21,周日,18:30,20:19,109,70,SFC上影百联影城（八佰伴IMAX店）,2号厅,张杨路501号10楼,,0,lighthouse_pro_excel
吉塔姜利·饶动画短片合集,吉塔姜利·饶动画短片合集,2026-06-21,周日,18:30,19:35,65,60,SFC上影影城（丁香路LUXE店）,5号LUXE巨幕厅,丁香路858号丁香国际三楼,LUXE,0,lighthouse_pro_excel
滚石乐队 至臻现场 (IMAX/4K),滚石乐队 至臻现场,2026-06-21,周日,18:30,19:57,87,120,SFC上影影城（港汇永华IMAX激光店）,IMAX厅,虹桥路1号港汇广场6楼,"IMAX/4K,IMAX,4K",1,lighthouse_pro_excel
2026 金爵奖动画短片合集,2026 金爵奖动画短片合集,2026-06-21,周日,18:30,19:32,62,70,SFC上影影城（港汇永华IMAX激光店）,ONYX LED厅,虹桥路1号港汇广场6楼,ONYX,0,lighthouse_pro_excel
盲女与大象 (4K),盲女与大象,2026-06-21,周日,18:30,19:51,81,70,SFC上影影城（国华广场店）,1号LUXE巨幕厅,闸殷路1555号国华广场4楼,"4K,LUXE",1,lighthouse_pro_excel
前路无光,前路无光,2026-06-21,周日,18:30,20:00,90,70,SFC永华电影荟（世纪汇店）,CINITY2号厅,世纪大道1192号世纪汇广场5层022、6层 001号,CINITY,0,lighthouse_pro_excel
苏霍 (4K),苏霍,2026-06-21,周日,18:30,20:38,128,70,SFC永华电影荟（世纪汇店）,CRYSTAL ONE LED1号厅,世纪大道1192号世纪汇广场5层022、6层 001号,4K,1,lighthouse_pro_excel
我理解您的不满,我理解您的不满,2026-06-21,周日,18:30,20:03,93,70,UME影城（上海新天地店）,ONYX LED 4K巨幕厅,兴业路123弄6-7号楼新天地时尚I座5楼（早10点之前与晚22点之后的顾客请从新天地时尚1马当路商场通道入口进入，祝您观影愉快！）,"4K,ONYX",1,lighthouse_pro_excel
荣耀嘻哈 (4K),荣耀嘻哈,2026-06-21,周日,18:30,20:03,93,70,佰映三克映画,LUXE厅,江宁路699号B1-60B,"4K,LUXE",1,lighthouse_pro_excel
滚石乐队 至臻现场 (IMAX/4K),滚石乐队 至臻现场,2026-06-21,周日,18:30,19:57,87,120,博悦汇影城（BFC外滩金融中心店）,8号IMAX厅,中山东二路600号（近枫泾路）地下1层02单元、地下2层02单元,"IMAX/4K,IMAX,4K",1,lighthouse_pro_excel
东方之虎 (4K),东方之虎,2026-06-21,周日,18:30,20:01,91,70,朵云轩杜比全景声影城,1号厅,天钥桥路1188号5楼,4K,1,lighthouse_pro_excel
圣玛丽矿镇谜案,圣玛丽矿镇谜案,2026-06-21,周日,18:30,19:57,87,70,国泰电影院,2号厅,淮海中路870号,,0,lighthouse_pro_excel
埃里克·侯麦：少年心气,埃里克·侯麦：少年心气,2026-06-21,周日,18:30,19:30,60,70,和平影都,二楼8号激光巨幕厅,西藏中路290号,,0,lighthouse_pro_excel
镜的第三乐章 (4K),镜的第三乐章,2026-06-21,周日,18:30,19:57,87,70,和平影都,五楼杜比全景声厅,西藏中路290号,4K,1,lighthouse_pro_excel
神奇动物：邓布利多之谜 (4K),神奇动物：邓布利多之谜,2026-06-21,周日,18:30,20:53,143,70,沪东工人文化宫东宫影剧院,1号厅,平凉路1500号(近宁国路),4K,1,lighthouse_pro_excel
忘梦洞 (IMAX 3D/4K),忘梦洞,2026-06-21,周日,18:30,20:03,93,110,寰映影城（大融城店）,1号IMAX厅,沪太路1111弄10号3层L328室,"IMAX,4K,3D",1,lighthouse_pro_excel
无痛凯恩 (DOLBY VISION/4K),无痛凯恩,2026-06-21,周日,18:30,20:20,110,110,寰映影城（大融城店）,3号厅（杜比影院）,沪太路1111弄10号3层L328室,"DOLBY VISION/4K,DOLBY VISION,4K",1,lighthouse_pro_excel
开罗车站 (4K),开罗车站,2026-06-21,周日,18:30,19:47,77,80,黄浦剧场,中剧场,上海市北京东路780号（近贵州路）,4K,1,lighthouse_pro_excel
阿诗玛 （4K）,阿诗玛,2026-06-21,周日,18:30,20:01,91,50,嘉定影剧院,3号厅,城中路149号,4K,1,lighthouse_pro_excel
双重人格,双重人格,2026-06-21,周日,18:30,20:03,93,80,久事·上海商城剧院,剧院正厅,南京西路1376号上海商城4楼,,0,lighthouse_pro_excel
海洋,海洋,2026-06-21,周日,18:30,20:14,104,80,兰心大戏院,观众厅,茂名南路57号,,0,lighthouse_pro_excel
云雀,云雀,2026-06-21,周日,18:30,19:56,86,70,上海百丽宫影城（长宁来福士店）,3号厅,长宁路1123号七层701-703,,0,lighthouse_pro_excel
匈牙利婚礼 (4K),匈牙利婚礼,2026-06-21,周日,18:30,20:04,94,70,上海百丽宫影城（长宁来福士店）,LUXE厅,长宁路1123号七层701-703,"4K,LUXE",1,lighthouse_pro_excel
405谋杀案,405谋杀案,2026-06-21,周日,18:30,20:12,102,70,上海百丽宫影城（环贸iapm店）,6号厅,淮海中路999号L6-601,,0,lighthouse_pro_excel
起程之日 (4K),起程之日,2026-06-21,周日,18:30,20:07,97,70,上海百美汇影城（静安嘉里中心店）,4K激光1号厅,南京西路1551号嘉里中心N4-01,4K,1,lighthouse_pro_excel
安妮·霍尔 (4K),安妮·霍尔,2026-06-21,周日,18:30,20:04,94,90,上海大光明电影院,1号LUXE厅,南京西路216号,"4K,LUXE",1,lighthouse_pro_excel
东方之虎 (4K),东方之虎,2026-06-21,周日,18:30,20:01,91,70,上海大光明电影院,2号厅,南京西路216号,4K,1,lighthouse_pro_excel
加鲁达：勇敢去梦,加鲁达：勇敢去梦,2026-06-21,周日,18:30,19:49,79,70,上海大光明电影院,3号厅,南京西路216号,,0,lighthouse_pro_excel
球迷,球迷,2026-06-21,周日,18:30,19:57,87,70,上海科技影城,3号厅,南昌路59号1-3F,,0,lighthouse_pro_excel
积木人生,积木人生,2026-06-21,周日,18:30,19:47,77,70,上海市沪北电影院,1号厅,洛川东路500号,,0,lighthouse_pro_excel
戴珍珠耳环的少女,戴珍珠耳环的少女,2026-06-21,周日,18:30,20:07,97,90,上海艺海剧院,大剧场,江宁路466号,,0,lighthouse_pro_excel
恐怖分子,恐怖分子,2026-06-21,周日,18:30,20:22,112,70,上海影城SHO,1号厅杜比剧场,新华路160号,,0,lighthouse_pro_excel
下水道,下水道,2026-06-21,周日,18:30,20:07,97,70,上海影城SHO,2号厅Onyx,新华路160号,ONYX,0,lighthouse_pro_excel
德意志零年,德意志零年,2026-06-21,周日,18:30,19:44,74,70,上海影城SHO,3号厅CINITY,新华路160号,CINITY,0,lighthouse_pro_excel
假凤虚凰,假凤虚凰,2026-06-21,周日,18:30,20:02,92,70,上海影城SHO,9号厅REALD CINEMA,新华路160号,,0,lighthouse_pro_excel
废墟之上,废墟之上,2026-06-21,周日,18:30,19:48,78,70,世纪友谊影城（LUXE南方商城店）,6号厅,沪闵路7250号百联南方二期9楼，万源路侧门电梯可直达,,0,lighthouse_pro_excel
山中来客 (4K),山中来客,2026-06-21,周日,18:30,20:19,109,70,天山电影院-虹桥艺术中心旗舰店,4号厅,天山路888号,4K,1,lighthouse_pro_excel
危情十日 (4K),危情十日,2026-06-21,周日,18:30,20:18,108,90,天山电影院-虹桥艺术中心旗舰店,剧院厅,天山路888号,4K,1,lighthouse_pro_excel
一个悲伤而美丽的世界,一个悲伤而美丽的世界,2026-06-21,周日,18:30,20:20,110,30,万达影城（崇明万达广场店）,1号厅,城桥镇崇明大道8388号3F-A室,,0,lighthouse_pro_excel
新不了情 (4K),新不了情,2026-06-21,周日,18:30,20:09,99,30,万达影城（金山万达广场店）,5号厅,龙皓路1088号万达广场四楼,4K,1,lighthouse_pro_excel
变形金刚：大电影 (DOLBY VISION/4K),变形金刚：大电影,2026-06-21,周日,18:30,19:55,85,110,万达影城（五角场万达广场激光IMAX店）,13号厅（杜比影院）,国宾路58号五角场万达商业广场三层,"DOLBY VISION/4K,DOLBY VISION,4K",1,lighthouse_pro_excel
车位,车位,2026-06-21,周日,20:40,22:05,85,70,CGV影城(白玉兰广场IMAX店),激光8号厅,东长治路588号上海白玉兰广场商业裙房3层11号铺位（东长治路近新建路）,,0,lighthouse_pro_excel
屋顶,屋顶,2026-06-21,周日,20:40,22:18,98,70,CMG融媒影城,8号厅（杜比全景声CINITY）,龙文路19号1-4层,CINITY,0,lighthouse_pro_excel
憨丁钱路慌,憨丁钱路慌,2026-06-21,周日,20:40,21:56,76,70,SFC动漫主题影院（美罗城店）,4号厅,肇嘉浜路1111号美罗城5楼,,0,lighthouse_pro_excel
吉光,吉光,2026-06-21,周日,20:40,22:07,87,70,SFC上影百联影城（八佰伴IMAX店）,2号厅,张杨路501号10楼,,0,lighthouse_pro_excel
微笑村恐怖事件 (4K),微笑村恐怖事件,2026-06-21,周日,20:40,22:43,123,70,SFC上影影城（丁香路LUXE店）,5号LUXE巨幕厅,丁香路858号丁香国际三楼,"4K,LUXE",1,lighthouse_pro_excel
凶器 (IMAX/4K),凶器,2026-06-21,周日,20:40,22:50,130,110,SFC上影影城（港汇永华IMAX激光店）,IMAX厅,虹桥路1号港汇广场6楼,"IMAX/4K,IMAX,4K",1,lighthouse_pro_excel
麦哲伦 (4K),麦哲伦,2026-06-21,周日,20:40,23:23,163,90,SFC上影影城（港汇永华IMAX激光店）,ONYX LED厅,虹桥路1号港汇广场6楼,"4K,ONYX",1,lighthouse_pro_excel
娜西莎的遗愿,娜西莎的遗愿,2026-06-21,周日,20:40,22:05,85,70,SFC上影影城（国华广场店）,1号LUXE巨幕厅,闸殷路1555号国华广场4楼,LUXE,0,lighthouse_pro_excel
小芭舒 (4K),小芭舒,2026-06-21,周日,20:40,22:42,122,80,UME影城（上海新天地店）,ONYX LED 4K巨幕厅,兴业路123弄6-7号楼新天地时尚I座5楼（早10点之前与晚22点之后的顾客请从新天地时尚1马当路商场通道入口进入，祝您观影愉快！）,"4K,ONYX",1,lighthouse_pro_excel
红色娘子军 (4K),红色娘子军,2026-06-21,周日,20:40,22:37,117,60,佰映三克映画,LUXE厅,江宁路699号B1-60B,"4K,LUXE",1,lighthouse_pro_excel
魔女嘉莉 (4K),魔女嘉莉,2026-06-21,周日,20:40,22:18,98,90,曹杨影城,1号4K激光厅,兰溪路125号2楼,4K,1,lighthouse_pro_excel
珠峰黑暗 (4K),珠峰黑暗,2026-06-21,周日,20:40,22:10,90,70,朵云轩杜比全景声影城,1号厅,天钥桥路1188号5楼,4K,1,lighthouse_pro_excel
猎人之月,猎人之月,2026-06-21,周日,20:40,22:19,99,70,国泰电影院,2号厅,淮海中路870号,,0,lighthouse_pro_excel
董夫人 (4K),董夫人,2026-06-21,周日,20:40,22:17,97,80,和平影都,二楼8号激光巨幕厅,西藏中路290号,4K,1,lighthouse_pro_excel
诅咒 (4K),诅咒,2026-06-21,周日,20:40,22:41,121,70,和平影都,五楼杜比全景声厅,西藏中路290号,4K,1,lighthouse_pro_excel
头号玩家 (IMAX 3D/4K),头号玩家,2026-06-21,周日,20:40,23:01,141,110,寰映影城（大融城店）,1号IMAX厅,沪太路1111弄10号3层L328室,"IMAX,4K,3D",1,lighthouse_pro_excel
看得见风景的房间 (4K),看得见风景的房间,2026-06-21,周日,20:40,22:38,118,90,黄浦剧场,中剧场,上海市北京东路780号（近贵州路）,4K,1,lighthouse_pro_excel
刀马旦 (4K),刀马旦,2026-06-21,周日,20:40,22:26,106,50,嘉定影剧院,3号厅,城中路149号,4K,1,lighthouse_pro_excel
爱上平行时空的你,爱上平行时空的你,2026-06-21,周日,20:40,22:20,100,70,久事·上海商城剧院,剧院正厅,南京西路1376号上海商城4楼,,0,lighthouse_pro_excel
地下情,地下情,2026-06-21,周日,20:40,22:18,98,80,兰心大戏院,观众厅,茂名南路57号,,0,lighthouse_pro_excel
哈莉玛,哈莉玛,2026-06-21,周日,20:40,22:05,85,70,上海百丽宫影城（长宁来福士店）,3号厅,长宁路1123号七层701-703,,0,lighthouse_pro_excel
礼拜天 (4K),礼拜天,2026-06-21,周日,20:40,22:37,117,70,上海百丽宫影城（长宁来福士店）,LUXE厅,长宁路1123号七层701-703,"4K,LUXE",1,lighthouse_pro_excel
无人看见的夜晚,无人看见的夜晚,2026-06-21,周日,20:40,22:11,91,70,上海百丽宫影城（环贸iapm店）,6号厅,淮海中路999号L6-601,,0,lighthouse_pro_excel
忘恩负义之人 (4K),忘恩负义之人,2026-06-21,周日,20:40,22:31,111,70,上海百丽宫影城（陆家嘴中心店）,LUXE厅,浦东南路899号L+MALL商场10层（2号线东昌路、9号线商城路）,"4K,LUXE",1,lighthouse_pro_excel
梦想情景,梦想情景,2026-06-21,周日,20:40,22:22,102,70,上海百丽宫影城（万象城店）,CINITY LUXE巨幕厅,吴中路1599号L501商铺,"CINITY,LUXE",0,lighthouse_pro_excel
微笑村恐怖事件 (4K),微笑村恐怖事件,2026-06-21,周日,20:40,22:43,123,70,上海百美汇影城（静安嘉里中心店）,4K激光1号厅,南京西路1551号嘉里中心N4-01,4K,1,lighthouse_pro_excel
剧院魅影：25周年纪念演出,剧院魅影：25周年纪念演出,2026-06-21,周日,20:40,23:20,160,110,上海大光明电影院,1号LUXE厅,南京西路216号,LUXE,0,lighthouse_pro_excel
破碎的声线 (4K),破碎的声线,2026-06-21,周日,20:40,22:28,108,70,上海大光明电影院,2号厅,南京西路216号,4K,1,lighthouse_pro_excel
果然,果然,2026-06-21,周日,20:40,22:08,88,70,上海大光明电影院,3号厅,南京西路216号,,0,lighthouse_pro_excel
2026金爵奖真人短片合集 2,2026金爵奖真人短片合集 2,2026-06-21,周日,20:40,22:13,93,70,上海科技影城,3号厅,南昌路59号1-3F,,0,lighthouse_pro_excel
大河恋 (4K),大河恋,2026-06-21,周日,20:40,22:44,124,100,上海美琪大戏院,观众厅,江宁路66号,4K,1,lighthouse_pro_excel
家庭生活,家庭生活,2026-06-21,周日,20:40,22:29,109,70,上海市沪北电影院,1号厅,洛川东路500号,,0,lighthouse_pro_excel
英国病人,英国病人,2026-06-21,周日,20:40,23:22,162,90,上海艺海剧院,大剧场,江宁路466号,,0,lighthouse_pro_excel
罗斯 (4K),罗斯,2026-06-21,周日,20:40,22:15,95,80,上海影城SHO,2号厅Onyx,新华路160号,"4K,ONYX",1,lighthouse_pro_excel
乱世孤儿 (4K),乱世孤儿,2026-06-21,周日,20:40,22:53,133,70,上海影城SHO,3号厅CINITY,新华路160号,"CINITY,4K",1,lighthouse_pro_excel
小戒指,小戒指,2026-06-21,周日,20:40,22:13,93,70,上海影城SHO,9号厅REALD CINEMA,新华路160号,,0,lighthouse_pro_excel
语文的滋味,语文的滋味,2026-06-21,周日,20:40,22:27,107,70,世纪友谊影城（LUXE南方商城店）,6号厅,沪闵路7250号百联南方二期9楼，万源路侧门电梯可直达,,0,lighthouse_pro_excel
一切可售,一切可售,2026-06-21,周日,20:40,22:20,100,70,天山电影院-虹桥艺术中心旗舰店,4号厅,天山路888号,,0,lighthouse_pro_excel
夺魂索 (4K),夺魂索,2026-06-21,周日,20:40,22:01,81,90,天山电影院-虹桥艺术中心旗舰店,剧院厅,天山路888号,4K,1,lighthouse_pro_excel
甘泉玛侬 (4K),甘泉玛侬,2026-06-21,周日,20:40,22:34,114,90,天山电影院-宛平剧院影城,1号厅,上海市徐汇区中山南二路859号,4K,1,lighthouse_pro_excel
秋天年鉴,秋天年鉴,2026-06-21,周日,20:40,22:41,121,70,星轶STARX影剧院（上海宝山日月光店）,5号厅,上海市宝山区沪太路1933号【K】区2层202,,0,lighthouse_pro_excel
